What is the title/topic of <b>RFC 768</b>?	User Datagram Protocol	rfc_number_to_title transport
What is the RFC number for <b>User Datagram Protocol</b>?	RFC 768	rfc_title_to_number transport
RFC 768 (User Datagram Protocol): Why is this RFC relevant for <b>threat hunting</b>?	Defines UDP, the lightweight transport behind DNS, telemetry, scanning, and many amplification patterns.	relevance transport
What is the title/topic of <b>RFC 791</b>?	Internet Protocol	rfc_number_to_title routing security
What is the RFC number for <b>Internet Protocol</b>?	RFC 791	rfc_title_to_number routing security
RFC 791 (Internet Protocol): Why is this RFC relevant for <b>threat hunting</b>?	Establishes IPv4 fields that hunters inspect for fragmentation, spoofing, tunneling, and routing anomalies.	relevance routing security
What is the title/topic of <b>RFC 792</b>?	Internet Control Message Protocol	rfc_number_to_title routing security
What is the RFC number for <b>Internet Control Message Protocol</b>?	RFC 792	rfc_title_to_number routing security
RFC 792 (Internet Control Message Protocol): Why is this RFC relevant for <b>threat hunting</b>?	Documents ICMP behavior used in reconnaissance, diagnostics, covert channels, and denial-of-service activity.	relevance routing security
What is the title/topic of <b>RFC 793</b>?	Transmission Control Protocol	rfc_number_to_title transport
What is the RFC number for <b>Transmission Control Protocol</b>?	RFC 793	rfc_title_to_number transport
RFC 793 (Transmission Control Protocol): Why is this RFC relevant for <b>threat hunting</b>?	Defines TCP state, flags, sequencing, and connection semantics central to flow analysis and intrusion detection.	relevance transport
What is the title/topic of <b>RFC 826</b>?	An Ethernet Address Resolution Protocol: Or Converting Network Protocol Addresses to 48.bit Ethernet Address for Transmission on Ethernet Hardware	rfc_number_to_title routing security
What is the RFC number for <b>An Ethernet Address Resolution Protocol: Or Converting Network Protocol Addresses to 48.bit Ethernet Address for Transmission on Ethernet Hardware</b>?	RFC 826	rfc_title_to_number routing security
RFC 826 (An Ethernet Address Resolution Protocol: Or Converting Network Protocol Addresses to 48.bit Ethernet Address for Transmission on Ethernet Hardware): Why is this RFC relevant for <b>threat hunting</b>?	Explains ARP resolution, a core source of local-network spoofing, poisoning, and lateral movement signals.	relevance routing security
What is the title/topic of <b>RFC 1035</b>?	Domain names - implementation and specification	rfc_number_to_title application monitoring
What is the RFC number for <b>Domain names - implementation and specification</b>?	RFC 1035	rfc_title_to_number application monitoring
RFC 1035 (Domain names - implementation and specification): Why is this RFC relevant for <b>threat hunting</b>?	Defines DNS messages and resource records that drive domain hunting, tunneling detection, and infrastructure analysis.	relevance application monitoring
What is the title/topic of <b>RFC 1122</b>?	Requirements for Internet Hosts - Communication Layers	rfc_number_to_title transport routing security
What is the RFC number for <b>Requirements for Internet Hosts - Communication Layers</b>?	RFC 1122	rfc_title_to_number transport routing security
RFC 1122 (Requirements for Internet Hosts - Communication Layers): Why is this RFC relevant for <b>threat hunting</b>?	Clarifies host-layer protocol requirements useful when spotting malformed stacks and evasive implementations.	relevance transport routing security
What is the title/topic of <b>RFC 1123</b>?	Requirements for Internet Hosts - Application and Support	rfc_number_to_title application
What is the RFC number for <b>Requirements for Internet Hosts - Application and Support</b>?	RFC 1123	rfc_title_to_number application
RFC 1123 (Requirements for Internet Hosts - Application and Support): Why is this RFC relevant for <b>threat hunting</b>?	Covers host application requirements that help contextualize DNS, SMTP, and service behavior in investigations.	relevance application
What is the title/topic of <b>RFC 2131</b>?	Dynamic Host Configuration Protocol	rfc_number_to_title application monitoring
What is the RFC number for <b>Dynamic Host Configuration Protocol</b>?	RFC 2131	rfc_title_to_number application monitoring
RFC 2131 (Dynamic Host Configuration Protocol): Why is this RFC relevant for <b>threat hunting</b>?	Defines DHCP exchanges used to investigate rogue servers, device identity, and network access patterns.	relevance application monitoring
What is the title/topic of <b>RFC 2460</b>?	Internet Protocol, Version 6 (IPv6) Specification	rfc_number_to_title routing security
What is the RFC number for <b>Internet Protocol, Version 6 (IPv6) Specification</b>?	RFC 2460	rfc_title_to_number routing security
RFC 2460 (Internet Protocol, Version 6 (IPv6) Specification): Why is this RFC relevant for <b>threat hunting</b>?	Defines IPv6 headers and extension behavior relevant to modern routing, filtering, and evasion analysis.	relevance routing security
What is the title/topic of <b>RFC 2616</b>?	Hypertext Transfer Protocol -- HTTP/1.1	rfc_number_to_title application monitoring
What is the RFC number for <b>Hypertext Transfer Protocol -- HTTP/1.1</b>?	RFC 2616	rfc_title_to_number application monitoring
RFC 2616 (Hypertext Transfer Protocol -- HTTP/1.1): Why is this RFC relevant for <b>threat hunting</b>?	Historical HTTP/1.1 baseline for understanding legacy web traffic, proxy behavior, and suspicious request patterns.	relevance application monitoring
What is the title/topic of <b>RFC 2782</b>?	A DNS RR for specifying the location of services (DNS SRV)	rfc_number_to_title application monitoring
What is the RFC number for <b>A DNS RR for specifying the location of services (DNS SRV)</b>?	RFC 2782	rfc_title_to_number application monitoring
RFC 2782 (A DNS RR for specifying the location of services (DNS SRV)): Why is this RFC relevant for <b>threat hunting</b>?	Defines SRV records often used to discover services, domain infrastructure, and enterprise authentication targets.	relevance application monitoring
What is the title/topic of <b>RFC 2328</b>?	OSPF Version 2	rfc_number_to_title routing
What is the RFC number for <b>OSPF Version 2</b>?	RFC 2328	rfc_title_to_number routing
RFC 2328 (OSPF Version 2): Why is this RFC relevant for <b>threat hunting</b>?	Documents OSPF routing behavior important for detecting route manipulation and internal network reconnaissance.	relevance routing
What is the title/topic of <b>RFC 3954</b>?	Cisco Systems NetFlow Services Export Version 9	rfc_number_to_title monitoring
What is the RFC number for <b>Cisco Systems NetFlow Services Export Version 9</b>?	RFC 3954	rfc_title_to_number monitoring
RFC 3954 (Cisco Systems NetFlow Services Export Version 9): Why is this RFC relevant for <b>threat hunting</b>?	Defines NetFlow v9 export data, a major telemetry source for network threat hunting.	relevance monitoring
What is the title/topic of <b>RFC 4271</b>?	A Border Gateway Protocol 4 (BGP-4)	rfc_number_to_title routing security
What is the RFC number for <b>A Border Gateway Protocol 4 (BGP-4)</b>?	RFC 4271	rfc_title_to_number routing security
RFC 4271 (A Border Gateway Protocol 4 (BGP-4)): Why is this RFC relevant for <b>threat hunting</b>?	Defines BGP behavior behind route leaks, hijacks, suspicious peering, and internet-scale traffic shifts.	relevance routing security
What is the title/topic of <b>RFC 4301</b>?	Security Architecture for the Internet Protocol	rfc_number_to_title security
What is the RFC number for <b>Security Architecture for the Internet Protocol</b>?	RFC 4301	rfc_title_to_number security
RFC 4301 (Security Architecture for the Internet Protocol): Why is this RFC relevant for <b>threat hunting</b>?	Describes IPsec architecture for identifying expected encrypted tunnels and policy anomalies.	relevance security
What is the title/topic of <b>RFC 4303</b>?	IP Encapsulating Security Payload (ESP)	rfc_number_to_title security transport
What is the RFC number for <b>IP Encapsulating Security Payload (ESP)</b>?	RFC 4303	rfc_title_to_number security transport
RFC 4303 (IP Encapsulating Security Payload (ESP)): Why is this RFC relevant for <b>threat hunting</b>?	Defines ESP packet protection, useful for recognizing IPsec traffic and tunnel encapsulation artifacts.	relevance security transport
What is the title/topic of <b>RFC 5321</b>?	Simple Mail Transfer Protocol	rfc_number_to_title application monitoring
What is the RFC number for <b>Simple Mail Transfer Protocol</b>?	RFC 5321	rfc_title_to_number application monitoring
RFC 5321 (Simple Mail Transfer Protocol): Why is this RFC relevant for <b>threat hunting</b>?	Defines SMTP behavior used in phishing infrastructure analysis, mail relay abuse, and command-level investigations.	relevance application monitoring
What is the title/topic of <b>RFC 7011</b>?	Specification of the IP Flow Information Export (IPFIX) Protocol for the Exchange of Flow Information	rfc_number_to_title monitoring
What is the RFC number for <b>Specification of the IP Flow Information Export (IPFIX) Protocol for the Exchange of Flow Information</b>?	RFC 7011	rfc_title_to_number monitoring
RFC 7011 (Specification of the IP Flow Information Export (IPFIX) Protocol for the Exchange of Flow Information): Why is this RFC relevant for <b>threat hunting</b>?	Defines IPFIX, the standards-based flow telemetry protocol used for large-scale hunting and detection.	relevance monitoring
What is the title/topic of <b>RFC 7230</b>?	Hypertext Transfer Protocol (HTTP/1.1): Message Syntax and Routing	rfc_number_to_title application monitoring
What is the RFC number for <b>Hypertext Transfer Protocol (HTTP/1.1): Message Syntax and Routing</b>?	RFC 7230	rfc_title_to_number application monitoring
RFC 7230 (Hypertext Transfer Protocol (HTTP/1.1): Message Syntax and Routing): Why is this RFC relevant for <b>threat hunting</b>?	Modernizes HTTP/1.1 message parsing and routing rules relevant to web attack and proxy investigations.	relevance application monitoring
What is the title/topic of <b>RFC 7540</b>?	Hypertext Transfer Protocol Version 2 (HTTP/2)	rfc_number_to_title application transport
What is the RFC number for <b>Hypertext Transfer Protocol Version 2 (HTTP/2)</b>?	RFC 7540	rfc_title_to_number application transport
RFC 7540 (Hypertext Transfer Protocol Version 2 (HTTP/2)): Why is this RFC relevant for <b>threat hunting</b>?	Defines HTTP/2 framing and streams used to analyze modern web traffic, proxies, and protocol abuse.	relevance application transport
What is the title/topic of <b>RFC 9868</b>?	Transport Options for UDP	rfc_number_to_title transport update-chain
What is the RFC number for <b>Transport Options for UDP</b>?	RFC 9868	rfc_title_to_number transport update-chain
What is the title/topic of <b>RFC 1349</b>?	Type of Service in the Internet Protocol Suite	rfc_number_to_title application update-chain
What is the RFC number for <b>Type of Service in the Internet Protocol Suite</b>?	RFC 1349	rfc_title_to_number application update-chain
What is the title/topic of <b>RFC 2474</b>?	Definition of the Differentiated Services Field (DS Field) in the IPv4 and IPv6 Headers	rfc_number_to_title application routing update-chain
What is the RFC number for <b>Definition of the Differentiated Services Field (DS Field) in the IPv4 and IPv6 Headers</b>?	RFC 2474	rfc_title_to_number application routing update-chain
What is the title/topic of <b>RFC 6864</b>?	Updated Specification of the IPv4 ID Field	rfc_number_to_title routing update-chain
What is the RFC number for <b>Updated Specification of the IPv4 ID Field</b>?	RFC 6864	rfc_title_to_number routing update-chain
What is the title/topic of <b>RFC 950</b>?	Internet Standard Subnetting Procedure	rfc_number_to_title update-chain
What is the RFC number for <b>Internet Standard Subnetting Procedure</b>?	RFC 950	rfc_title_to_number update-chain
What is the title/topic of <b>RFC 4884</b>?	Extended ICMP to Support Multi-Part Messages	rfc_number_to_title routing update-chain
What is the RFC number for <b>Extended ICMP to Support Multi-Part Messages</b>?	RFC 4884	rfc_title_to_number routing update-chain
What is the title/topic of <b>RFC 6633</b>?	Deprecation of ICMP Source Quench Messages	rfc_number_to_title routing update-chain
What is the RFC number for <b>Deprecation of ICMP Source Quench Messages</b>?	RFC 6633	rfc_title_to_number routing update-chain
What is the title/topic of <b>RFC 6918</b>?	Formally Deprecating Some ICMPv4 Message Types	rfc_number_to_title routing update-chain
What is the RFC number for <b>Formally Deprecating Some ICMPv4 Message Types</b>?	RFC 6918	rfc_title_to_number routing update-chain
What is the title/topic of <b>RFC 3168</b>?	The Addition of Explicit Congestion Notification (ECN) to IP	rfc_number_to_title routing update-chain
What is the RFC number for <b>The Addition of Explicit Congestion Notification (ECN) to IP</b>?	RFC 3168	rfc_title_to_number routing update-chain
What is the title/topic of <b>RFC 6093</b>?	On the Implementation of the TCP Urgent Mechanism	rfc_number_to_title transport update-chain
What is the RFC number for <b>On the Implementation of the TCP Urgent Mechanism</b>?	RFC 6093	rfc_title_to_number transport update-chain
What is the title/topic of <b>RFC 6528</b>?	Defending against Sequence Number Attacks	rfc_number_to_title security update-chain
What is the RFC number for <b>Defending against Sequence Number Attacks</b>?	RFC 6528	rfc_title_to_number security update-chain
What is the title/topic of <b>RFC 9293</b>?	Transmission Control Protocol (TCP)	rfc_number_to_title transport update-chain
What is the RFC number for <b>Transmission Control Protocol (TCP)</b>?	RFC 9293	rfc_title_to_number transport update-chain
What is the title/topic of <b>RFC 5227</b>?	IPv4 Address Conflict Detection	rfc_number_to_title routing update-chain
What is the RFC number for <b>IPv4 Address Conflict Detection</b>?	RFC 5227	rfc_title_to_number routing update-chain
What is the title/topic of <b>RFC 5494</b>?	IANA Allocation Guidelines for the Address Resolution Protocol (ARP)	rfc_number_to_title routing update-chain
What is the RFC number for <b>IANA Allocation Guidelines for the Address Resolution Protocol (ARP)</b>?	RFC 5494	rfc_title_to_number routing update-chain
What is the title/topic of <b>RFC 882</b>?	Domain names: Concepts and facilities	rfc_number_to_title application update-chain
What is the RFC number for <b>Domain names: Concepts and facilities</b>?	RFC 882	rfc_title_to_number application update-chain
What is the title/topic of <b>RFC 883</b>?	Domain names: Implementation specification	rfc_number_to_title application update-chain
What is the RFC number for <b>Domain names: Implementation specification</b>?	RFC 883	rfc_title_to_number application update-chain
What is the title/topic of <b>RFC 973</b>?	Domain system changes and observations	rfc_number_to_title application update-chain
What is the RFC number for <b>Domain system changes and observations</b>?	RFC 973	rfc_title_to_number application update-chain
What is the title/topic of <b>RFC 1101</b>?	DNS encoding of network names and other types	rfc_number_to_title application update-chain
What is the RFC number for <b>DNS encoding of network names and other types</b>?	RFC 1101	rfc_title_to_number application update-chain
What is the title/topic of <b>RFC 1183</b>?	New DNS RR Definitions	rfc_number_to_title application update-chain
What is the RFC number for <b>New DNS RR Definitions</b>?	RFC 1183	rfc_title_to_number application update-chain
What is the title/topic of <b>RFC 1348</b>?	DNS NSAP RRs	rfc_number_to_title application update-chain
What is the RFC number for <b>DNS NSAP RRs</b>?	RFC 1348	rfc_title_to_number application update-chain
What is the title/topic of <b>RFC 1876</b>?	A Means for Expressing Location Information in the Domain Name System	rfc_number_to_title application update-chain
What is the RFC number for <b>A Means for Expressing Location Information in the Domain Name System</b>?	RFC 1876	rfc_title_to_number application update-chain
What is the title/topic of <b>RFC 1982</b>?	Serial Number Arithmetic	rfc_number_to_title update-chain
What is the RFC number for <b>Serial Number Arithmetic</b>?	RFC 1982	rfc_title_to_number update-chain
What is the title/topic of <b>RFC 1995</b>?	Incremental Zone Transfer in DNS	rfc_number_to_title application update-chain
What is the RFC number for <b>Incremental Zone Transfer in DNS</b>?	RFC 1995	rfc_title_to_number application update-chain
What is the title/topic of <b>RFC 1996</b>?	A Mechanism for Prompt Notification of Zone Changes (DNS NOTIFY)	rfc_number_to_title application update-chain
What is the RFC number for <b>A Mechanism for Prompt Notification of Zone Changes (DNS NOTIFY)</b>?	RFC 1996	rfc_title_to_number application update-chain
What is the title/topic of <b>RFC 2065</b>?	Domain Name System Security Extensions	rfc_number_to_title application security update-chain
What is the RFC number for <b>Domain Name System Security Extensions</b>?	RFC 2065	rfc_title_to_number application security update-chain
What is the title/topic of <b>RFC 2136</b>?	Dynamic Updates in the Domain Name System (DNS UPDATE)	rfc_number_to_title application update-chain
What is the RFC number for <b>Dynamic Updates in the Domain Name System (DNS UPDATE)</b>?	RFC 2136	rfc_title_to_number application update-chain
What is the title/topic of <b>RFC 2137</b>?	Secure Domain Name System Dynamic Update	rfc_number_to_title application security update-chain
What is the RFC number for <b>Secure Domain Name System Dynamic Update</b>?	RFC 2137	rfc_title_to_number application security update-chain
What is the title/topic of <b>RFC 2181</b>?	Clarifications to the DNS Specification	rfc_number_to_title application update-chain
What is the RFC number for <b>Clarifications to the DNS Specification</b>?	RFC 2181	rfc_title_to_number application update-chain
What is the title/topic of <b>RFC 2308</b>?	Negative Caching of DNS Queries (DNS NCACHE)	rfc_number_to_title application update-chain
What is the RFC number for <b>Negative Caching of DNS Queries (DNS NCACHE)</b>?	RFC 2308	rfc_title_to_number application update-chain
What is the title/topic of <b>RFC 2535</b>?	Domain Name System Security Extensions	rfc_number_to_title application security update-chain
What is the RFC number for <b>Domain Name System Security Extensions</b>?	RFC 2535	rfc_title_to_number application security update-chain
What is the title/topic of <b>RFC 2673</b>?	Binary Labels in the Domain Name System	rfc_number_to_title application update-chain
What is the RFC number for <b>Binary Labels in the Domain Name System</b>?	RFC 2673	rfc_title_to_number application update-chain
What is the title/topic of <b>RFC 2845</b>?	Secret Key Transaction Authentication for DNS (TSIG)	rfc_number_to_title application security update-chain
What is the RFC number for <b>Secret Key Transaction Authentication for DNS (TSIG)</b>?	RFC 2845	rfc_title_to_number application security update-chain
What is the title/topic of <b>RFC 3425</b>?	Obsoleting IQUERY	rfc_number_to_title update-chain
What is the RFC number for <b>Obsoleting IQUERY</b>?	RFC 3425	rfc_title_to_number update-chain
What is the title/topic of <b>RFC 3658</b>?	Delegation Signer (DS) Resource Record (RR)	rfc_number_to_title update-chain
What is the RFC number for <b>Delegation Signer (DS) Resource Record (RR)</b>?	RFC 3658	rfc_title_to_number update-chain
What is the title/topic of <b>RFC 4033</b>?	DNS Security Introduction and Requirements	rfc_number_to_title application security update-chain
What is the RFC number for <b>DNS Security Introduction and Requirements</b>?	RFC 4033	rfc_title_to_number application security update-chain
What is the title/topic of <b>RFC 4034</b>?	Resource Records for the DNS Security Extensions	rfc_number_to_title application security update-chain
What is the RFC number for <b>Resource Records for the DNS Security Extensions</b>?	RFC 4034	rfc_title_to_number application security update-chain
What is the title/topic of <b>RFC 4035</b>?	Protocol Modifications for the DNS Security Extensions	rfc_number_to_title application security update-chain
What is the RFC number for <b>Protocol Modifications for the DNS Security Extensions</b>?	RFC 4035	rfc_title_to_number application security update-chain
What is the title/topic of <b>RFC 4343</b>?	Domain Name System (DNS) Case Insensitivity Clarification	rfc_number_to_title application update-chain
What is the RFC number for <b>Domain Name System (DNS) Case Insensitivity Clarification</b>?	RFC 4343	rfc_title_to_number application update-chain
What is the title/topic of <b>RFC 5936</b>?	DNS Zone Transfer Protocol (AXFR)	rfc_number_to_title application update-chain
What is the RFC number for <b>DNS Zone Transfer Protocol (AXFR)</b>?	RFC 5936	rfc_title_to_number application update-chain
What is the title/topic of <b>RFC 5966</b>?	DNS Transport over TCP - Implementation Requirements	rfc_number_to_title transport application update-chain
What is the RFC number for <b>DNS Transport over TCP - Implementation Requirements</b>?	RFC 5966	rfc_title_to_number transport application update-chain
What is the title/topic of <b>RFC 6604</b>?	xNAME RCODE and Status Bits Clarification	rfc_number_to_title update-chain
What is the RFC number for <b>xNAME RCODE and Status Bits Clarification</b>?	RFC 6604	rfc_title_to_number update-chain
What is the title/topic of <b>RFC 7766</b>?	DNS Transport over TCP - Implementation Requirements	rfc_number_to_title transport application update-chain
What is the RFC number for <b>DNS Transport over TCP - Implementation Requirements</b>?	RFC 7766	rfc_title_to_number transport application update-chain
What is the title/topic of <b>RFC 8482</b>?	Providing Minimal-Sized Responses to DNS Queries That Have QTYPE=ANY	rfc_number_to_title application security update-chain
What is the RFC number for <b>Providing Minimal-Sized Responses to DNS Queries That Have QTYPE=ANY</b>?	RFC 8482	rfc_title_to_number application security update-chain
What is the title/topic of <b>RFC 8490</b>?	DNS Stateful Operations	rfc_number_to_title application update-chain
What is the RFC number for <b>DNS Stateful Operations</b>?	RFC 8490	rfc_title_to_number application update-chain
What is the title/topic of <b>RFC 8767</b>?	Serving Stale Data to Improve DNS Resiliency	rfc_number_to_title application update-chain
What is the RFC number for <b>Serving Stale Data to Improve DNS Resiliency</b>?	RFC 8767	rfc_title_to_number application update-chain
What is the title/topic of <b>RFC 9619</b>?	In the DNS, QDCOUNT Is (Usually) One	rfc_number_to_title application update-chain
What is the RFC number for <b>In the DNS, QDCOUNT Is (Usually) One</b>?	RFC 9619	rfc_title_to_number application update-chain
What is the title/topic of <b>RFC 4379</b>?	Detecting Multi-Protocol Label Switched (MPLS) Data Plane Failures	rfc_number_to_title update-chain
What is the RFC number for <b>Detecting Multi-Protocol Label Switched (MPLS) Data Plane Failures</b>?	RFC 4379	rfc_title_to_number update-chain
What is the title/topic of <b>RFC 5884</b>?	Bidirectional Forwarding Detection (BFD) for MPLS Label Switched Paths (LSPs)	rfc_number_to_title update-chain
What is the RFC number for <b>Bidirectional Forwarding Detection (BFD) for MPLS Label Switched Paths (LSPs)</b>?	RFC 5884	rfc_title_to_number update-chain
What is the title/topic of <b>RFC 6298</b>?	Computing TCP's Retransmission Timer	rfc_number_to_title transport update-chain
What is the RFC number for <b>Computing TCP's Retransmission Timer</b>?	RFC 6298	rfc_title_to_number transport update-chain
What is the title/topic of <b>RFC 8029</b>?	Detecting Multiprotocol Label Switched (MPLS) Data-Plane Failures	rfc_number_to_title routing update-chain
What is the RFC number for <b>Detecting Multiprotocol Label Switched (MPLS) Data-Plane Failures</b>?	RFC 8029	rfc_title_to_number routing update-chain
What is the title/topic of <b>RFC 9210</b>?	DNS Transport over TCP - Operational Requirements	rfc_number_to_title transport application update-chain
What is the RFC number for <b>DNS Transport over TCP - Operational Requirements</b>?	RFC 9210	rfc_title_to_number transport application update-chain
What is the title/topic of <b>RFC 1541</b>?	Dynamic Host Configuration Protocol	rfc_number_to_title update-chain
What is the RFC number for <b>Dynamic Host Configuration Protocol</b>?	RFC 1541	rfc_title_to_number update-chain
What is the title/topic of <b>RFC 3396</b>?	Encoding Long Options in the Dynamic Host Configuration Protocol (DHCPv4)	rfc_number_to_title application update-chain
What is the RFC number for <b>Encoding Long Options in the Dynamic Host Configuration Protocol (DHCPv4)</b>?	RFC 3396	rfc_title_to_number application update-chain
What is the title/topic of <b>RFC 4361</b>?	Node-specific Client Identifiers for Dynamic Host Configuration Protocol Version Four (DHCPv4)	rfc_number_to_title application update-chain
What is the RFC number for <b>Node-specific Client Identifiers for Dynamic Host Configuration Protocol Version Four (DHCPv4)</b>?	RFC 4361	rfc_title_to_number application update-chain
What is the title/topic of <b>RFC 6842</b>?	Client Identifier Option in DHCP Server Replies	rfc_number_to_title application update-chain
What is the RFC number for <b>Client Identifier Option in DHCP Server Replies</b>?	RFC 6842	rfc_title_to_number application update-chain
What is the title/topic of <b>RFC 1883</b>?	Internet Protocol, Version 6 (IPv6) Specification	rfc_number_to_title routing update-chain
What is the RFC number for <b>Internet Protocol, Version 6 (IPv6) Specification</b>?	RFC 1883	rfc_title_to_number routing update-chain
What is the title/topic of <b>RFC 5095</b>?	Deprecation of Type 0 Routing Headers in IPv6	rfc_number_to_title routing update-chain
What is the RFC number for <b>Deprecation of Type 0 Routing Headers in IPv6</b>?	RFC 5095	rfc_title_to_number routing update-chain
What is the title/topic of <b>RFC 5722</b>?	Handling of Overlapping IPv6 Fragments	rfc_number_to_title routing update-chain
What is the RFC number for <b>Handling of Overlapping IPv6 Fragments</b>?	RFC 5722	rfc_title_to_number routing update-chain
What is the title/topic of <b>RFC 5871</b>?	IANA Allocation Guidelines for the IPv6 Routing Header	rfc_number_to_title routing update-chain
What is the RFC number for <b>IANA Allocation Guidelines for the IPv6 Routing Header</b>?	RFC 5871	rfc_title_to_number routing update-chain
What is the title/topic of <b>RFC 6437</b>?	IPv6 Flow Label Specification	rfc_number_to_title routing monitoring update-chain
What is the RFC number for <b>IPv6 Flow Label Specification</b>?	RFC 6437	rfc_title_to_number routing monitoring update-chain
What is the title/topic of <b>RFC 6564</b>?	A Uniform Format for IPv6 Extension Headers	rfc_number_to_title routing update-chain
What is the RFC number for <b>A Uniform Format for IPv6 Extension Headers</b>?	RFC 6564	rfc_title_to_number routing update-chain
What is the title/topic of <b>RFC 6935</b>?	IPv6 and UDP Checksums for Tunneled Packets	rfc_number_to_title transport routing update-chain
What is the RFC number for <b>IPv6 and UDP Checksums for Tunneled Packets</b>?	RFC 6935	rfc_title_to_number transport routing update-chain
What is the title/topic of <b>RFC 6946</b>?	"Processing of IPv6 ""Atomic"" Fragments"	rfc_number_to_title routing update-chain
"What is the RFC number for <b>Processing of IPv6 ""Atomic"" Fragments</b>?"	RFC 6946	rfc_title_to_number routing update-chain
What is the title/topic of <b>RFC 7045</b>?	Transmission and Processing of IPv6 Extension Headers	rfc_number_to_title routing update-chain
What is the RFC number for <b>Transmission and Processing of IPv6 Extension Headers</b>?	RFC 7045	rfc_title_to_number routing update-chain
What is the title/topic of <b>RFC 7112</b>?	Implications of Oversized IPv6 Header Chains	rfc_number_to_title routing update-chain
What is the RFC number for <b>Implications of Oversized IPv6 Header Chains</b>?	RFC 7112	rfc_title_to_number routing update-chain
What is the title/topic of <b>RFC 8200</b>?	Internet Protocol, Version 6 (IPv6) Specification	rfc_number_to_title routing update-chain
What is the RFC number for <b>Internet Protocol, Version 6 (IPv6) Specification</b>?	RFC 8200	rfc_title_to_number routing update-chain
What is the title/topic of <b>RFC 2068</b>?	Hypertext Transfer Protocol -- HTTP/1.1	rfc_number_to_title application update-chain
What is the RFC number for <b>Hypertext Transfer Protocol -- HTTP/1.1</b>?	RFC 2068	rfc_title_to_number application update-chain
What is the title/topic of <b>RFC 2817</b>?	Upgrading to TLS Within HTTP/1.1	rfc_number_to_title application update-chain
What is the RFC number for <b>Upgrading to TLS Within HTTP/1.1</b>?	RFC 2817	rfc_title_to_number application update-chain
What is the title/topic of <b>RFC 5785</b>?	Defining Well-Known Uniform Resource Identifiers (URIs)	rfc_number_to_title application update-chain
What is the RFC number for <b>Defining Well-Known Uniform Resource Identifiers (URIs)</b>?	RFC 5785	rfc_title_to_number application update-chain
What is the title/topic of <b>RFC 6266</b>?	Use of the Content-Disposition Header Field in the Hypertext Transfer Protocol (HTTP)	rfc_number_to_title application update-chain
What is the RFC number for <b>Use of the Content-Disposition Header Field in the Hypertext Transfer Protocol (HTTP)</b>?	RFC 6266	rfc_title_to_number application update-chain
What is the title/topic of <b>RFC 6585</b>?	Additional HTTP Status Codes	rfc_number_to_title application update-chain
What is the RFC number for <b>Additional HTTP Status Codes</b>?	RFC 6585	rfc_title_to_number application update-chain
What is the title/topic of <b>RFC 7231</b>?	Hypertext Transfer Protocol (HTTP/1.1): Semantics and Content	rfc_number_to_title application update-chain
What is the RFC number for <b>Hypertext Transfer Protocol (HTTP/1.1): Semantics and Content</b>?	RFC 7231	rfc_title_to_number application update-chain
What is the title/topic of <b>RFC 7232</b>?	Hypertext Transfer Protocol (HTTP/1.1): Conditional Requests	rfc_number_to_title application update-chain
What is the RFC number for <b>Hypertext Transfer Protocol (HTTP/1.1): Conditional Requests</b>?	RFC 7232	rfc_title_to_number application update-chain
What is the title/topic of <b>RFC 7233</b>?	Hypertext Transfer Protocol (HTTP/1.1): Range Requests	rfc_number_to_title application update-chain
What is the RFC number for <b>Hypertext Transfer Protocol (HTTP/1.1): Range Requests</b>?	RFC 7233	rfc_title_to_number application update-chain
What is the title/topic of <b>RFC 7234</b>?	Hypertext Transfer Protocol (HTTP/1.1): Caching	rfc_number_to_title application update-chain
What is the RFC number for <b>Hypertext Transfer Protocol (HTTP/1.1): Caching</b>?	RFC 7234	rfc_title_to_number application update-chain
What is the title/topic of <b>RFC 7235</b>?	Hypertext Transfer Protocol (HTTP/1.1): Authentication	rfc_number_to_title application security update-chain
What is the RFC number for <b>Hypertext Transfer Protocol (HTTP/1.1): Authentication</b>?	RFC 7235	rfc_title_to_number application security update-chain
What is the title/topic of <b>RFC 2052</b>?	A DNS RR for specifying the location of services (DNS SRV)	rfc_number_to_title application update-chain
What is the RFC number for <b>A DNS RR for specifying the location of services (DNS SRV)</b>?	RFC 2052	rfc_title_to_number application update-chain
What is the title/topic of <b>RFC 6335</b>?	Internet Assigned Numbers Authority (IANA) Procedures for the Management of the Service Name and Transport Protocol Port Number Registry	rfc_number_to_title transport application security update-chain
What is the RFC number for <b>Internet Assigned Numbers Authority (IANA) Procedures for the Management of the Service Name and Transport Protocol Port Number Registry</b>?	RFC 6335	rfc_title_to_number transport application security update-chain
What is the title/topic of <b>RFC 8553</b>?	DNS Attrleaf Changes: Fixing Specifications That Use Underscored Node Names	rfc_number_to_title application update-chain
What is the RFC number for <b>DNS Attrleaf Changes: Fixing Specifications That Use Underscored Node Names</b>?	RFC 8553	rfc_title_to_number application update-chain
What is the title/topic of <b>RFC 2178</b>?	OSPF Version 2	rfc_number_to_title routing update-chain
What is the RFC number for <b>OSPF Version 2</b>?	RFC 2178	rfc_title_to_number routing update-chain
What is the title/topic of <b>RFC 5709</b>?	OSPFv2 HMAC-SHA Cryptographic Authentication	rfc_number_to_title routing security update-chain
What is the RFC number for <b>OSPFv2 HMAC-SHA Cryptographic Authentication</b>?	RFC 5709	rfc_title_to_number routing security update-chain
What is the title/topic of <b>RFC 6549</b>?	OSPFv2 Multi-Instance Extensions	rfc_number_to_title routing update-chain
What is the RFC number for <b>OSPFv2 Multi-Instance Extensions</b>?	RFC 6549	rfc_title_to_number routing update-chain
What is the title/topic of <b>RFC 6845</b>?	OSPF Hybrid Broadcast and Point-to-Multipoint Interface Type	rfc_number_to_title routing update-chain
What is the RFC number for <b>OSPF Hybrid Broadcast and Point-to-Multipoint Interface Type</b>?	RFC 6845	rfc_title_to_number routing update-chain
What is the title/topic of <b>RFC 6860</b>?	Hiding Transit-Only Networks in OSPF	rfc_number_to_title routing update-chain
What is the RFC number for <b>Hiding Transit-Only Networks in OSPF</b>?	RFC 6860	rfc_title_to_number routing update-chain
What is the title/topic of <b>RFC 7474</b>?	Security Extension for OSPFv2 When Using Manual Key Management	rfc_number_to_title application routing security update-chain
What is the RFC number for <b>Security Extension for OSPFv2 When Using Manual Key Management</b>?	RFC 7474	rfc_title_to_number application routing security update-chain
What is the title/topic of <b>RFC 8042</b>?	OSPF Two-Part Metric	rfc_number_to_title routing update-chain
What is the RFC number for <b>OSPF Two-Part Metric</b>?	RFC 8042	rfc_title_to_number routing update-chain
What is the title/topic of <b>RFC 9355</b>?	OSPF Bidirectional Forwarding Detection (BFD) Strict-Mode	rfc_number_to_title routing update-chain
What is the RFC number for <b>OSPF Bidirectional Forwarding Detection (BFD) Strict-Mode</b>?	RFC 9355	rfc_title_to_number routing update-chain
What is the title/topic of <b>RFC 9454</b>?	Update to OSPF Terminology	rfc_number_to_title routing update-chain
What is the RFC number for <b>Update to OSPF Terminology</b>?	RFC 9454	rfc_title_to_number routing update-chain
What is the title/topic of <b>RFC 1771</b>?	A Border Gateway Protocol 4 (BGP-4)	rfc_number_to_title routing update-chain
What is the RFC number for <b>A Border Gateway Protocol 4 (BGP-4)</b>?	RFC 1771	rfc_title_to_number routing update-chain
What is the title/topic of <b>RFC 4724</b>?	Graceful Restart Mechanism for BGP	rfc_number_to_title routing update-chain
What is the RFC number for <b>Graceful Restart Mechanism for BGP</b>?	RFC 4724	rfc_title_to_number routing update-chain
What is the title/topic of <b>RFC 6286</b>?	Autonomous-System-Wide Unique BGP Identifier for BGP-4	rfc_number_to_title routing update-chain
What is the RFC number for <b>Autonomous-System-Wide Unique BGP Identifier for BGP-4</b>?	RFC 6286	rfc_title_to_number routing update-chain
What is the title/topic of <b>RFC 6608</b>?	Subcodes for BGP Finite State Machine Error	rfc_number_to_title routing update-chain
What is the RFC number for <b>Subcodes for BGP Finite State Machine Error</b>?	RFC 6608	rfc_title_to_number routing update-chain
What is the title/topic of <b>RFC 6793</b>?	BGP Support for Four-Octet Autonomous System (AS) Number Space	rfc_number_to_title routing update-chain
What is the RFC number for <b>BGP Support for Four-Octet Autonomous System (AS) Number Space</b>?	RFC 6793	rfc_title_to_number routing update-chain
What is the title/topic of <b>RFC 7606</b>?	Revised Error Handling for BGP UPDATE Messages	rfc_number_to_title routing update-chain
What is the RFC number for <b>Revised Error Handling for BGP UPDATE Messages</b>?	RFC 7606	rfc_title_to_number routing update-chain
What is the title/topic of <b>RFC 7607</b>?	Codification of AS 0 Processing	rfc_number_to_title update-chain
What is the RFC number for <b>Codification of AS 0 Processing</b>?	RFC 7607	rfc_title_to_number update-chain
What is the title/topic of <b>RFC 7705</b>?	Autonomous System Migration Mechanisms and Their Effects on the BGP AS_PATH Attribute	rfc_number_to_title routing update-chain
What is the RFC number for <b>Autonomous System Migration Mechanisms and Their Effects on the BGP AS_PATH Attribute</b>?	RFC 7705	rfc_title_to_number routing update-chain
What is the title/topic of <b>RFC 8212</b>?	Default External BGP (EBGP) Route Propagation Behavior without Policies	rfc_number_to_title routing update-chain
What is the RFC number for <b>Default External BGP (EBGP) Route Propagation Behavior without Policies</b>?	RFC 8212	rfc_title_to_number routing update-chain
What is the title/topic of <b>RFC 8654</b>?	Extended Message Support for BGP	rfc_number_to_title routing update-chain
What is the RFC number for <b>Extended Message Support for BGP</b>?	RFC 8654	rfc_title_to_number routing update-chain
What is the title/topic of <b>RFC 9072</b>?	Extended Optional Parameters Length for BGP OPEN Message	rfc_number_to_title routing update-chain
What is the RFC number for <b>Extended Optional Parameters Length for BGP OPEN Message</b>?	RFC 9072	rfc_title_to_number routing update-chain
What is the title/topic of <b>RFC 9687</b>?	Border Gateway Protocol 4 (BGP-4) Send Hold Timer	rfc_number_to_title routing update-chain
What is the RFC number for <b>Border Gateway Protocol 4 (BGP-4) Send Hold Timer</b>?	RFC 9687	rfc_title_to_number routing update-chain
What is the title/topic of <b>RFC 9774</b>?	Deprecation of AS_SET and AS_CONFED_SET in BGP	rfc_number_to_title routing update-chain
What is the RFC number for <b>Deprecation of AS_SET and AS_CONFED_SET in BGP</b>?	RFC 9774	rfc_title_to_number routing update-chain
What is the title/topic of <b>RFC 2401</b>?	Security Architecture for the Internet Protocol	rfc_number_to_title application security update-chain
What is the RFC number for <b>Security Architecture for the Internet Protocol</b>?	RFC 2401	rfc_title_to_number application security update-chain
What is the title/topic of <b>RFC 6040</b>?	Tunnelling of Explicit Congestion Notification	rfc_number_to_title update-chain
What is the RFC number for <b>Tunnelling of Explicit Congestion Notification</b>?	RFC 6040	rfc_title_to_number update-chain
What is the title/topic of <b>RFC 7619</b>?	The NULL Authentication Method in the Internet Key Exchange Protocol Version 2 (IKEv2)	rfc_number_to_title security update-chain
What is the RFC number for <b>The NULL Authentication Method in the Internet Key Exchange Protocol Version 2 (IKEv2)</b>?	RFC 7619	rfc_title_to_number security update-chain
What is the title/topic of <b>RFC 2406</b>?	IP Encapsulating Security Payload (ESP)	rfc_number_to_title transport application routing security update-chain
What is the RFC number for <b>IP Encapsulating Security Payload (ESP)</b>?	RFC 2406	rfc_title_to_number transport application routing security update-chain
What is the title/topic of <b>RFC 2821</b>?	Simple Mail Transfer Protocol	rfc_number_to_title application update-chain
What is the RFC number for <b>Simple Mail Transfer Protocol</b>?	RFC 2821	rfc_title_to_number application update-chain
What is the title/topic of <b>RFC 7504</b>?	SMTP 521 and 556 Reply Codes	rfc_number_to_title application update-chain
What is the RFC number for <b>SMTP 521 and 556 Reply Codes</b>?	RFC 7504	rfc_title_to_number application update-chain
What is the title/topic of <b>RFC 5101</b>?	Specification of the IP Flow Information Export (IPFIX) Protocol for the Exchange of IP Traffic Flow Information	rfc_number_to_title routing monitoring update-chain
What is the RFC number for <b>Specification of the IP Flow Information Export (IPFIX) Protocol for the Exchange of IP Traffic Flow Information</b>?	RFC 5101	rfc_title_to_number routing monitoring update-chain
What is the title/topic of <b>RFC 2145</b>?	Use and Interpretation of HTTP Version Numbers	rfc_number_to_title application update-chain
What is the RFC number for <b>Use and Interpretation of HTTP Version Numbers</b>?	RFC 2145	rfc_title_to_number application update-chain
What is the title/topic of <b>RFC 2818</b>?	HTTP Over TLS	rfc_number_to_title application update-chain
What is the RFC number for <b>HTTP Over TLS</b>?	RFC 2818	rfc_title_to_number application update-chain
What is the title/topic of <b>RFC 8615</b>?	Well-Known Uniform Resource Identifiers (URIs)	rfc_number_to_title application update-chain
What is the RFC number for <b>Well-Known Uniform Resource Identifiers (URIs)</b>?	RFC 8615	rfc_title_to_number application update-chain
What is the title/topic of <b>RFC 9110</b>?	HTTP Semantics	rfc_number_to_title application update-chain
What is the RFC number for <b>HTTP Semantics</b>?	RFC 9110	rfc_title_to_number application update-chain
What is the title/topic of <b>RFC 9112</b>?	HTTP/1.1	rfc_number_to_title application update-chain
What is the RFC number for <b>HTTP/1.1</b>?	RFC 9112	rfc_title_to_number application update-chain
What is the title/topic of <b>RFC 8740</b>?	Using TLS 1.3 with HTTP/2	rfc_number_to_title application update-chain
What is the RFC number for <b>Using TLS 1.3 with HTTP/2</b>?	RFC 8740	rfc_title_to_number application update-chain
What is the title/topic of <b>RFC 9113</b>?	HTTP/2	rfc_number_to_title application update-chain
What is the RFC number for <b>HTTP/2</b>?	RFC 9113	rfc_title_to_number application update-chain
What is the title/topic of <b>RFC 1455</b>?	Physical Link Security Type of Service	rfc_number_to_title application security update-chain
What is the RFC number for <b>Physical Link Security Type of Service</b>?	RFC 1455	rfc_title_to_number application security update-chain
What is the title/topic of <b>RFC 3260</b>?	New Terminology and Clarifications for Diffserv	rfc_number_to_title update-chain
What is the RFC number for <b>New Terminology and Clarifications for Diffserv</b>?	RFC 3260	rfc_title_to_number update-chain
What is the title/topic of <b>RFC 8436</b>?	Update to IANA Registration Procedures for Pool 3 Values in the Differentiated Services Field Codepoints (DSCP) Registry	rfc_number_to_title application update-chain
What is the RFC number for <b>Update to IANA Registration Procedures for Pool 3 Values in the Differentiated Services Field Codepoints (DSCP) Registry</b>?	RFC 8436	rfc_title_to_number application update-chain
What is the title/topic of <b>RFC 8335</b>?	PROBE: A Utility for Probing Interfaces	rfc_number_to_title update-chain
What is the RFC number for <b>PROBE: A Utility for Probing Interfaces</b>?	RFC 8335	rfc_title_to_number update-chain
What is the title/topic of <b>RFC 1788</b>?	ICMP Domain Name Messages	rfc_number_to_title application routing update-chain
What is the RFC number for <b>ICMP Domain Name Messages</b>?	RFC 1788	rfc_title_to_number application routing update-chain
What is the title/topic of <b>RFC 2481</b>?	A Proposal to add Explicit Congestion Notification (ECN) to IP	rfc_number_to_title routing update-chain
What is the RFC number for <b>A Proposal to add Explicit Congestion Notification (ECN) to IP</b>?	RFC 2481	rfc_title_to_number routing update-chain
What is the title/topic of <b>RFC 8311</b>?	Relaxing Restrictions on Explicit Congestion Notification (ECN) Experimentation	rfc_number_to_title update-chain
What is the RFC number for <b>Relaxing Restrictions on Explicit Congestion Notification (ECN) Experimentation</b>?	RFC 8311	rfc_title_to_number update-chain
What is the title/topic of <b>RFC 9768</b>?	More Accurate Explicit Congestion Notification (AccECN) Feedback in TCP	rfc_number_to_title transport update-chain
What is the RFC number for <b>More Accurate Explicit Congestion Notification (AccECN) Feedback in TCP</b>?	RFC 9768	rfc_title_to_number transport update-chain
What is the title/topic of <b>RFC 1948</b>?	Defending Against Sequence Number Attacks	rfc_number_to_title security update-chain
What is the RFC number for <b>Defending Against Sequence Number Attacks</b>?	RFC 1948	rfc_title_to_number security update-chain
What is the title/topic of <b>RFC 879</b>?	The TCP Maximum Segment Size and Related Topics	rfc_number_to_title transport update-chain
What is the RFC number for <b>The TCP Maximum Segment Size and Related Topics</b>?	RFC 879	rfc_title_to_number transport update-chain
What is the title/topic of <b>RFC 1011</b>?	Official Internet protocols	rfc_number_to_title update-chain
What is the RFC number for <b>Official Internet protocols</b>?	RFC 1011	rfc_title_to_number update-chain
What is the title/topic of <b>RFC 2873</b>?	TCP Processing of the IPv4 Precedence Field	rfc_number_to_title transport routing update-chain
What is the RFC number for <b>TCP Processing of the IPv4 Precedence Field</b>?	RFC 2873	rfc_title_to_number transport routing update-chain
What is the title/topic of <b>RFC 5961</b>?	Improving TCP's Robustness to Blind In-Window Attacks	rfc_number_to_title transport security update-chain
What is the RFC number for <b>Improving TCP's Robustness to Blind In-Window Attacks</b>?	RFC 5961	rfc_title_to_number transport security update-chain
What is the title/topic of <b>RFC 6429</b>?	TCP Sender Clarification for Persist Condition	rfc_number_to_title transport update-chain
What is the RFC number for <b>TCP Sender Clarification for Persist Condition</b>?	RFC 6429	rfc_title_to_number transport update-chain
What is the title/topic of <b>RFC 6691</b>?	TCP Options and Maximum Segment Size (MSS)	rfc_number_to_title transport update-chain
What is the RFC number for <b>TCP Options and Maximum Segment Size (MSS)</b>?	RFC 6691	rfc_title_to_number transport update-chain
What is the title/topic of <b>RFC 1034</b>?	Domain names - concepts and facilities	rfc_number_to_title application update-chain
What is the RFC number for <b>Domain names - concepts and facilities</b>?	RFC 1034	rfc_title_to_number application update-chain
What is the title/topic of <b>RFC 5395</b>?	Domain Name System (DNS) IANA Considerations	rfc_number_to_title application update-chain
What is the RFC number for <b>Domain Name System (DNS) IANA Considerations</b>?	RFC 5395	rfc_title_to_number application update-chain
What is the title/topic of <b>RFC 5864</b>?	DNS SRV Resource Records for AFS	rfc_number_to_title application update-chain
What is the RFC number for <b>DNS SRV Resource Records for AFS</b>?	RFC 5864	rfc_title_to_number application update-chain
What is the title/topic of <b>RFC 6195</b>?	Domain Name System (DNS) IANA Considerations	rfc_number_to_title application update-chain
What is the RFC number for <b>Domain Name System (DNS) IANA Considerations</b>?	RFC 6195	rfc_title_to_number application update-chain
What is the title/topic of <b>RFC 6895</b>?	Domain Name System (DNS) IANA Considerations	rfc_number_to_title application update-chain
What is the RFC number for <b>Domain Name System (DNS) IANA Considerations</b>?	RFC 6895	rfc_title_to_number application update-chain
What is the title/topic of <b>RFC 1637</b>?	DNS NSAP Resource Records	rfc_number_to_title application update-chain
What is the RFC number for <b>DNS NSAP Resource Records</b>?	RFC 1637	rfc_title_to_number application update-chain
What is the title/topic of <b>RFC 9103</b>?	DNS Zone Transfer over TLS	rfc_number_to_title application update-chain
What is the RFC number for <b>DNS Zone Transfer over TLS</b>?	RFC 9103	rfc_title_to_number application update-chain
What is the title/topic of <b>RFC 3007</b>?	Secure Domain Name System (DNS) Dynamic Update	rfc_number_to_title application security update-chain
What is the RFC number for <b>Secure Domain Name System (DNS) Dynamic Update</b>?	RFC 3007	rfc_title_to_number application security update-chain
What is the title/topic of <b>RFC 5452</b>?	Measures for Making DNS More Resilient against Forged Answers	rfc_number_to_title application update-chain
What is the RFC number for <b>Measures for Making DNS More Resilient against Forged Answers</b>?	RFC 5452	rfc_title_to_number application update-chain
What is the title/topic of <b>RFC 8020</b>?	NXDOMAIN: There Really Is Nothing Underneath	rfc_number_to_title application update-chain
What is the RFC number for <b>NXDOMAIN: There Really Is Nothing Underneath</b>?	RFC 8020	rfc_title_to_number application update-chain
What is the title/topic of <b>RFC 8499</b>?	DNS Terminology	rfc_number_to_title application update-chain
What is the RFC number for <b>DNS Terminology</b>?	RFC 8499	rfc_title_to_number application update-chain
What is the title/topic of <b>RFC 9499</b>?	DNS Terminology	rfc_number_to_title application update-chain
What is the RFC number for <b>DNS Terminology</b>?	RFC 9499	rfc_title_to_number application update-chain
What is the title/topic of <b>RFC 9520</b>?	Negative Caching of DNS Resolution Failures	rfc_number_to_title application update-chain
What is the RFC number for <b>Negative Caching of DNS Resolution Failures</b>?	RFC 9520	rfc_title_to_number application update-chain
What is the title/topic of <b>RFC 2931</b>?	DNS Request and Transaction Signatures ( SIG(0)s )	rfc_number_to_title application update-chain
What is the RFC number for <b>DNS Request and Transaction Signatures ( SIG(0)s )</b>?	RFC 2931	rfc_title_to_number application update-chain
What is the title/topic of <b>RFC 3008</b>?	Domain Name System Security (DNSSEC) Signing Authority	rfc_number_to_title application security update-chain
What is the RFC number for <b>Domain Name System Security (DNSSEC) Signing Authority</b>?	RFC 3008	rfc_title_to_number application security update-chain
What is the title/topic of <b>RFC 3090</b>?	DNS Security Extension Clarification on Zone Status	rfc_number_to_title application security update-chain
What is the RFC number for <b>DNS Security Extension Clarification on Zone Status</b>?	RFC 3090	rfc_title_to_number application security update-chain
What is the title/topic of <b>RFC 3226</b>?	DNSSEC and IPv6 A6 aware server/resolver message size requirements	rfc_number_to_title application routing security update-chain
What is the RFC number for <b>DNSSEC and IPv6 A6 aware server/resolver message size requirements</b>?	RFC 3226	rfc_title_to_number application routing security update-chain
What is the title/topic of <b>RFC 3445</b>?	Limiting the Scope of the KEY Resource Record (RR)	rfc_number_to_title update-chain
What is the RFC number for <b>Limiting the Scope of the KEY Resource Record (RR)</b>?	RFC 3445	rfc_title_to_number update-chain
What is the title/topic of <b>RFC 3597</b>?	Handling of Unknown DNS Resource Record (RR) Types	rfc_number_to_title application update-chain
What is the RFC number for <b>Handling of Unknown DNS Resource Record (RR) Types</b>?	RFC 3597	rfc_title_to_number application update-chain
What is the title/topic of <b>RFC 3655</b>?	Redefinition of DNS Authenticated Data (AD) bit	rfc_number_to_title application security update-chain
What is the RFC number for <b>Redefinition of DNS Authenticated Data (AD) bit</b>?	RFC 3655	rfc_title_to_number application security update-chain
What is the title/topic of <b>RFC 3755</b>?	Legacy Resolver Compatibility for Delegation Signer (DS)	rfc_number_to_title update-chain
What is the RFC number for <b>Legacy Resolver Compatibility for Delegation Signer (DS)</b>?	RFC 3755	rfc_title_to_number update-chain
What is the title/topic of <b>RFC 3757</b>?	Domain Name System KEY (DNSKEY) Resource Record (RR) Secure Entry Point (SEP) Flag	rfc_number_to_title application security update-chain
What is the RFC number for <b>Domain Name System KEY (DNSKEY) Resource Record (RR) Secure Entry Point (SEP) Flag</b>?	RFC 3757	rfc_title_to_number application security update-chain
What is the title/topic of <b>RFC 3845</b>?	DNS Security (DNSSEC) NextSECure (NSEC) RDATA Format	rfc_number_to_title application security update-chain
What is the RFC number for <b>DNS Security (DNSSEC) NextSECure (NSEC) RDATA Format</b>?	RFC 3845	rfc_title_to_number application security update-chain
What is the title/topic of <b>RFC 3363</b>?	Representing Internet Protocol version 6 (IPv6) Addresses in the Domain Name System (DNS)	rfc_number_to_title application routing update-chain
What is the RFC number for <b>Representing Internet Protocol version 6 (IPv6) Addresses in the Domain Name System (DNS)</b>?	RFC 3363	rfc_title_to_number application routing update-chain
What is the title/topic of <b>RFC 3364</b>?	Tradeoffs in Domain Name System (DNS) Support for Internet Protocol version 6 (IPv6)	rfc_number_to_title application routing update-chain
What is the RFC number for <b>Tradeoffs in Domain Name System (DNS) Support for Internet Protocol version 6 (IPv6)</b>?	RFC 3364	rfc_title_to_number application routing update-chain
What is the title/topic of <b>RFC 6891</b>?	Extension Mechanisms for DNS (EDNS(0))	rfc_number_to_title application update-chain
What is the RFC number for <b>Extension Mechanisms for DNS (EDNS(0))</b>?	RFC 6891	rfc_title_to_number application update-chain
What is the title/topic of <b>RFC 3645</b>?	Generic Security Service Algorithm for Secret Key Transaction Authentication for DNS (GSS-TSIG)	rfc_number_to_title application security update-chain
What is the RFC number for <b>Generic Security Service Algorithm for Secret Key Transaction Authentication for DNS (GSS-TSIG)</b>?	RFC 3645	rfc_title_to_number application security update-chain
What is the title/topic of <b>RFC 4635</b>?	HMAC SHA (Hashed Message Authentication Code, Secure Hash Algorithm) TSIG Algorithm Identifiers	rfc_number_to_title security update-chain
What is the RFC number for <b>HMAC SHA (Hashed Message Authentication Code, Secure Hash Algorithm) TSIG Algorithm Identifiers</b>?	RFC 4635	rfc_title_to_number security update-chain
What is the title/topic of <b>RFC 8945</b>?	Secret Key Transaction Authentication for DNS (TSIG)	rfc_number_to_title application security update-chain
What is the RFC number for <b>Secret Key Transaction Authentication for DNS (TSIG)</b>?	RFC 8945	rfc_title_to_number application security update-chain
What is the title/topic of <b>RFC 3225</b>?	Indicating Resolver Support of DNSSEC	rfc_number_to_title application security update-chain
What is the RFC number for <b>Indicating Resolver Support of DNSSEC</b>?	RFC 3225	rfc_title_to_number application security update-chain
What is the title/topic of <b>RFC 6014</b>?	Cryptographic Algorithm Identifier Allocation for DNSSEC	rfc_number_to_title application security update-chain
What is the RFC number for <b>Cryptographic Algorithm Identifier Allocation for DNSSEC</b>?	RFC 6014	rfc_title_to_number application security update-chain
What is the title/topic of <b>RFC 6840</b>?	Clarifications and Implementation Notes for DNS Security (DNSSEC)	rfc_number_to_title application security update-chain
What is the RFC number for <b>Clarifications and Implementation Notes for DNS Security (DNSSEC)</b>?	RFC 6840	rfc_title_to_number application security update-chain
What is the title/topic of <b>RFC 4470</b>?	Minimally Covering NSEC Records and DNSSEC On-line Signing	rfc_number_to_title application security update-chain
What is the RFC number for <b>Minimally Covering NSEC Records and DNSSEC On-line Signing</b>?	RFC 4470	rfc_title_to_number application security update-chain
What is the title/topic of <b>RFC 6944</b>?	Applicability Statement: DNS Security (DNSSEC) DNSKEY Algorithm Implementation Status	rfc_number_to_title application security update-chain
What is the RFC number for <b>Applicability Statement: DNS Security (DNSSEC) DNSKEY Algorithm Implementation Status</b>?	RFC 6944	rfc_title_to_number application security update-chain
What is the title/topic of <b>RFC 9077</b>?	NSEC and NSEC3: TTLs and Aggressive Use	rfc_number_to_title update-chain
What is the RFC number for <b>NSEC and NSEC3: TTLs and Aggressive Use</b>?	RFC 9077	rfc_title_to_number update-chain
What is the title/topic of <b>RFC 9824</b>?	Compact Denial of Existence in DNSSEC	rfc_number_to_title application security update-chain
What is the RFC number for <b>Compact Denial of Existence in DNSSEC</b>?	RFC 9824	rfc_title_to_number application security update-chain
What is the title/topic of <b>RFC 9905</b>?	Deprecating the Use of SHA-1 in DNSSEC Signature Algorithms	rfc_number_to_title application security update-chain
What is the RFC number for <b>Deprecating the Use of SHA-1 in DNSSEC Signature Algorithms</b>?	RFC 9905	rfc_title_to_number application security update-chain
What is the title/topic of <b>RFC 8198</b>?	Aggressive Use of DNSSEC-Validated Cache	rfc_number_to_title application security update-chain
What is the RFC number for <b>Aggressive Use of DNSSEC-Validated Cache</b>?	RFC 8198	rfc_title_to_number application security update-chain
What is the title/topic of <b>RFC 5890</b>?	Internationalized Domain Names for Applications (IDNA): Definitions and Document Framework	rfc_number_to_title application update-chain
What is the RFC number for <b>Internationalized Domain Names for Applications (IDNA): Definitions and Document Framework</b>?	RFC 5890	rfc_title_to_number application update-chain
What is the title/topic of <b>RFC 5462</b>?	"Multiprotocol Label Switching (MPLS) Label Stack Entry: ""EXP"" Field Renamed to ""Traffic Class"" Field"	rfc_number_to_title routing update-chain
"What is the RFC number for <b>Multiprotocol Label Switching (MPLS) Label Stack Entry: ""EXP"" Field Renamed to ""Traffic Class"" Field</b>?"	RFC 5462	rfc_title_to_number routing update-chain
What is the title/topic of <b>RFC 6424</b>?	Mechanism for Performing Label Switched Path Ping (LSP Ping) over MPLS Tunnels	rfc_number_to_title update-chain
What is the RFC number for <b>Mechanism for Performing Label Switched Path Ping (LSP Ping) over MPLS Tunnels</b>?	RFC 6424	rfc_title_to_number update-chain
What is the title/topic of <b>RFC 6425</b>?	Detecting Data-Plane Failures in Point-to-Multipoint MPLS - Extensions to LSP Ping	rfc_number_to_title routing update-chain
What is the RFC number for <b>Detecting Data-Plane Failures in Point-to-Multipoint MPLS - Extensions to LSP Ping</b>?	RFC 6425	rfc_title_to_number routing update-chain
What is the title/topic of <b>RFC 6426</b>?	MPLS On-Demand Connectivity Verification and Route Tracing	rfc_number_to_title routing update-chain
What is the RFC number for <b>MPLS On-Demand Connectivity Verification and Route Tracing</b>?	RFC 6426	rfc_title_to_number routing update-chain
What is the title/topic of <b>RFC 6829</b>?	Label Switched Path (LSP) Ping for Pseudowire Forwarding Equivalence Classes (FECs) Advertised over IPv6	rfc_number_to_title routing update-chain
What is the RFC number for <b>Label Switched Path (LSP) Ping for Pseudowire Forwarding Equivalence Classes (FECs) Advertised over IPv6</b>?	RFC 6829	rfc_title_to_number routing update-chain
What is the title/topic of <b>RFC 7506</b>?	IPv6 Router Alert Option for MPLS Operations, Administration, and Maintenance (OAM)	rfc_number_to_title routing update-chain
What is the RFC number for <b>IPv6 Router Alert Option for MPLS Operations, Administration, and Maintenance (OAM)</b>?	RFC 7506	rfc_title_to_number routing update-chain
What is the title/topic of <b>RFC 7537</b>?	IANA Registries for LSP Ping Code Points	rfc_number_to_title update-chain
What is the RFC number for <b>IANA Registries for LSP Ping Code Points</b>?	RFC 7537	rfc_title_to_number update-chain
What is the title/topic of <b>RFC 7743</b>?	Relayed Echo Reply Mechanism for Label Switched Path (LSP) Ping	rfc_number_to_title update-chain
What is the RFC number for <b>Relayed Echo Reply Mechanism for Label Switched Path (LSP) Ping</b>?	RFC 7743	rfc_title_to_number update-chain
What is the title/topic of <b>RFC 7726</b>?	Clarifying Procedures for Establishing BFD Sessions for MPLS Label Switched Paths (LSPs)	rfc_number_to_title update-chain
What is the RFC number for <b>Clarifying Procedures for Establishing BFD Sessions for MPLS Label Switched Paths (LSPs)</b>?	RFC 7726	rfc_title_to_number update-chain
What is the title/topic of <b>RFC 2988</b>?	Computing TCP's Retransmission Timer	rfc_number_to_title transport update-chain
What is the RFC number for <b>Computing TCP's Retransmission Timer</b>?	RFC 2988	rfc_title_to_number transport update-chain
What is the title/topic of <b>RFC 8611</b>?	Label Switched Path (LSP) Ping and Traceroute Multipath Support for Link Aggregation Group (LAG) Interfaces	rfc_number_to_title routing update-chain
What is the RFC number for <b>Label Switched Path (LSP) Ping and Traceroute Multipath Support for Link Aggregation Group (LAG) Interfaces</b>?	RFC 8611	rfc_title_to_number routing update-chain
What is the title/topic of <b>RFC 9041</b>?	Updating the MPLS Label Switched Paths (LSPs) Ping Parameters IANA Registry	rfc_number_to_title update-chain
What is the RFC number for <b>Updating the MPLS Label Switched Paths (LSPs) Ping Parameters IANA Registry</b>?	RFC 9041	rfc_title_to_number update-chain
What is the title/topic of <b>RFC 9570</b>?	Deprecating the Use of Router Alert in LSP Ping	rfc_number_to_title routing update-chain
What is the RFC number for <b>Deprecating the Use of Router Alert in LSP Ping</b>?	RFC 9570	rfc_title_to_number routing update-chain
What is the title/topic of <b>RFC 1531</b>?	Dynamic Host Configuration Protocol	rfc_number_to_title update-chain
What is the RFC number for <b>Dynamic Host Configuration Protocol</b>?	RFC 1531	rfc_title_to_number update-chain
What is the title/topic of <b>RFC 2205</b>?	Resource ReSerVation Protocol (RSVP) -- Version 1 Functional Specification	rfc_number_to_title update-chain
What is the RFC number for <b>Resource ReSerVation Protocol (RSVP) -- Version 1 Functional Specification</b>?	RFC 2205	rfc_title_to_number update-chain
What is the title/topic of <b>RFC 3697</b>?	IPv6 Flow Label Specification	rfc_number_to_title routing monitoring update-chain
What is the RFC number for <b>IPv6 Flow Label Specification</b>?	RFC 3697	rfc_title_to_number routing monitoring update-chain
What is the title/topic of <b>RFC 9673</b>?	IPv6 Hop-by-Hop Options Processing Procedures	rfc_number_to_title routing update-chain
What is the RFC number for <b>IPv6 Hop-by-Hop Options Processing Procedures</b>?	RFC 9673	rfc_title_to_number routing update-chain
What is the title/topic of <b>RFC 9111</b>?	HTTP Caching	rfc_number_to_title application update-chain
What is the RFC number for <b>HTTP Caching</b>?	RFC 9111	rfc_title_to_number application update-chain
What is the title/topic of <b>RFC 2617</b>?	HTTP Authentication: Basic and Digest Access Authentication	rfc_number_to_title application security update-chain
What is the RFC number for <b>HTTP Authentication: Basic and Digest Access Authentication</b>?	RFC 2617	rfc_title_to_number application security update-chain
What is the title/topic of <b>RFC 1583</b>?	OSPF Version 2	rfc_number_to_title routing update-chain
What is the RFC number for <b>OSPF Version 2</b>?	RFC 1583	rfc_title_to_number routing update-chain
What is the title/topic of <b>RFC 1654</b>?	A Border Gateway Protocol 4 (BGP-4)	rfc_number_to_title routing update-chain
What is the RFC number for <b>A Border Gateway Protocol 4 (BGP-4)</b>?	RFC 1654	rfc_title_to_number routing update-chain
What is the title/topic of <b>RFC 8538</b>?	Notification Message Support for BGP Graceful Restart	rfc_number_to_title routing update-chain
What is the RFC number for <b>Notification Message Support for BGP Graceful Restart</b>?	RFC 8538	rfc_title_to_number routing update-chain
What is the title/topic of <b>RFC 4893</b>?	BGP Support for Four-octet AS Number Space	rfc_number_to_title routing update-chain
What is the RFC number for <b>BGP Support for Four-octet AS Number Space</b>?	RFC 4893	rfc_title_to_number routing update-chain
What is the title/topic of <b>RFC 5065</b>?	Autonomous System Confederations for BGP	rfc_number_to_title routing update-chain
What is the RFC number for <b>Autonomous System Confederations for BGP</b>?	RFC 5065	rfc_title_to_number routing update-chain
What is the title/topic of <b>RFC 6472</b>?	Recommendation for Not Using AS_SET and AS_CONFED_SET in BGP	rfc_number_to_title routing update-chain
What is the RFC number for <b>Recommendation for Not Using AS_SET and AS_CONFED_SET in BGP</b>?	RFC 6472	rfc_title_to_number routing update-chain
What is the title/topic of <b>RFC 1825</b>?	Security Architecture for the Internet Protocol	rfc_number_to_title application security update-chain
What is the RFC number for <b>Security Architecture for the Internet Protocol</b>?	RFC 1825	rfc_title_to_number application security update-chain
What is the title/topic of <b>RFC 9601</b>?	Propagating Explicit Congestion Notification across IP Tunnel Headers Separated by a Shim	rfc_number_to_title routing update-chain
What is the RFC number for <b>Propagating Explicit Congestion Notification across IP Tunnel Headers Separated by a Shim</b>?	RFC 9601	rfc_title_to_number routing update-chain
What is the title/topic of <b>RFC 1827</b>?	IP Encapsulating Security Payload (ESP)	rfc_number_to_title transport application routing security update-chain
What is the RFC number for <b>IP Encapsulating Security Payload (ESP)</b>?	RFC 1827	rfc_title_to_number transport application routing security update-chain
What is the title/topic of <b>RFC 4305</b>?	Cryptographic Algorithm Implementation Requirements for Encapsulating Security Payload (ESP) and Authentication Header (AH)	rfc_number_to_title transport application security update-chain
What is the RFC number for <b>Cryptographic Algorithm Implementation Requirements for Encapsulating Security Payload (ESP) and Authentication Header (AH)</b>?	RFC 4305	rfc_title_to_number transport application security update-chain
What is the title/topic of <b>RFC 821</b>?	Simple Mail Transfer Protocol	rfc_number_to_title application update-chain
What is the RFC number for <b>Simple Mail Transfer Protocol</b>?	RFC 821	rfc_title_to_number application update-chain
What is the title/topic of <b>RFC 974</b>?	Mail routing and the domain system	rfc_number_to_title application routing update-chain
What is the RFC number for <b>Mail routing and the domain system</b>?	RFC 974	rfc_title_to_number application routing update-chain
What is the title/topic of <b>RFC 1869</b>?	SMTP Service Extensions	rfc_number_to_title application update-chain
What is the RFC number for <b>SMTP Service Extensions</b>?	RFC 1869	rfc_title_to_number application update-chain
What is the title/topic of <b>RFC 5336</b>?	SMTP Extension for Internationalized Email Addresses	rfc_number_to_title application routing update-chain
What is the RFC number for <b>SMTP Extension for Internationalized Email Addresses</b>?	RFC 5336	rfc_title_to_number application routing update-chain
What is the title/topic of <b>RFC 7595</b>?	Guidelines and Registration Procedures for URI Schemes	rfc_number_to_title application update-chain
What is the RFC number for <b>Guidelines and Registration Procedures for URI Schemes</b>?	RFC 7595	rfc_title_to_number application update-chain
What is the title/topic of <b>RFC 3864</b>?	Registration Procedures for Message Header Fields	rfc_number_to_title update-chain
What is the RFC number for <b>Registration Procedures for Message Header Fields</b>?	RFC 3864	rfc_title_to_number update-chain
What is the title/topic of <b>RFC 7538</b>?	The Hypertext Transfer Protocol Status Code 308 (Permanent Redirect)	rfc_number_to_title update-chain
What is the RFC number for <b>The Hypertext Transfer Protocol Status Code 308 (Permanent Redirect)</b>?	RFC 7538	rfc_title_to_number update-chain
What is the title/topic of <b>RFC 7615</b>?	HTTP Authentication-Info and Proxy-Authentication-Info Response Header Fields	rfc_number_to_title application security update-chain
What is the RFC number for <b>HTTP Authentication-Info and Proxy-Authentication-Info Response Header Fields</b>?	RFC 7615	rfc_title_to_number application security update-chain
What is the title/topic of <b>RFC 7694</b>?	Hypertext Transfer Protocol (HTTP) Client-Initiated Content-Encoding	rfc_number_to_title application update-chain
What is the RFC number for <b>Hypertext Transfer Protocol (HTTP) Client-Initiated Content-Encoding</b>?	RFC 7694	rfc_title_to_number application update-chain
RFC 768 UDP Header: What is the purpose of the <b>Source Port</b> field (16 bits)?	Originating service or ephemeral port; zero, unusual, or impossible pairings can signal spoofing or crafted traffic.	header_field source_port 768
RFC 768 UDP Header: What is the purpose of the <b>Destination Port</b> field (16 bits)?	Target service port; watch for amplification services, unexpected high-value services, and scan fan-out.	header_field destination_port 768
RFC 768 UDP Header: What is the purpose of the <b>Length</b> field (16 bits)?	UDP header plus payload length; mismatches or tiny/oversized lengths indicate malformed packets or evasion.	header_field length 768
RFC 768 UDP Header: What is the purpose of the <b>Checksum</b> field (16 bits)?	Integrity check over pseudo-header and payload; zero in IPv4 or invalid values can reveal crafted packets.	header_field checksum 768
RFC 791 IPv4 Header: What is the purpose of the <b>Version</b> field (4 bits)?	Should be 4 for IPv4; any other value indicates misclassification or malformed traffic.	header_field version 791
RFC 791 IPv4 Header: What is the purpose of the <b>IHL</b> field (4 bits)?	Header length; unusually large values imply IP options, while invalid short values are malformed.	header_field ihl 791
RFC 791 IPv4 Header: What is the purpose of the <b>Type of Service</b> field (8 bits)?	QoS/precedence byte; odd markings can indicate tunneling, policy abuse, or legacy stack artifacts.	header_field type_of_service 791
RFC 791 IPv4 Header: What is the purpose of the <b>Total Length</b> field (16 bits)?	Full packet length; mismatches with capture length can indicate truncation, evasion, or malformed packets.	header_field total_length 791
RFC 791 IPv4 Header: What is the purpose of the <b>Identification</b> field (16 bits)?	Fragment correlation value; predictable or repeated IDs help fingerprint hosts and spot fragmentation abuse.	header_field identification 791
RFC 791 IPv4 Header: What is the purpose of the <b>Flags</b> field (3 bits)?	DF/MF fragmentation controls; watch illegal reserved-bit use and suspicious fragmentation patterns.	header_field flags 791
RFC 791 IPv4 Header: What is the purpose of the <b>Fragment Offset</b> field (13 bits)?	Fragment position; tiny, overlapping, or excessive fragments are classic IDS evasion signals.	header_field fragment_offset 791
RFC 791 IPv4 Header: What is the purpose of the <b>TTL</b> field (8 bits)?	Decrements each hop; unusually low or inconsistent TTL can indicate spoofing or traceroute probing.	header_field ttl 791
RFC 791 IPv4 Header: What is the purpose of the <b>Protocol</b> field (8 bits)?	Next-layer protocol number; unexpected values may indicate tunneling, scanning, or parser confusion.	header_field protocol 791
RFC 791 IPv4 Header: What is the purpose of the <b>Header Checksum</b> field (16 bits)?	IPv4 header integrity; invalid values suggest corruption, offload artifacts, or crafted packets.	header_field header_checksum 791
RFC 791 IPv4 Header: What is the purpose of the <b>Source Address</b> field (32 bits)?	Origin IPv4 address; private, bogon, or impossible sources on external links suggest spoofing.	header_field source_address 791
RFC 791 IPv4 Header: What is the purpose of the <b>Destination Address</b> field (32 bits)?	Target IPv4 address; unexpected internal, multicast, or broadcast destinations deserve review.	header_field destination_address 791
RFC 791 IPv4 Header: What is the purpose of the <b>Options/Padding</b> field (32 bits)?	Optional and variable; rare on normal traffic, so source route/record route options are high-signal.	header_field options/padding 791
RFC 792 ICMP Message Header: What is the purpose of the <b>Type</b> field (8 bits)?	Message class (e.g., Echo, Unreachable); unexpected type distribution reveals scans, floods, tunnels, or route manipulation.	header_field type 792
RFC 792 ICMP Message Header: What is the purpose of the <b>Code</b> field (8 bits)?	Type-specific reason; impossible or rare type/code pairings identify malformed tools, policy bypass, or covert signaling.	header_field code 792
RFC 792 ICMP Message Header: What is the purpose of the <b>Checksum</b> field (16 bits)?	Message integrity; invalid values can be offload artifacts, corruption, or deliberately crafted traffic.	header_field checksum 792
RFC 792 ICMP Message Header: What is the purpose of the <b>Identifier</b> field (16 bits)?	Used to match request/reply pairs; high entropy or reused IDs can indicate tunneling tools or spoofing.	header_field identifier 792
RFC 792 ICMP Message Header: What is the purpose of the <b>Sequence Number</b> field (16 bits)?	Monotonic bursts, gaps, or encoded patterns help detect ping sweeps and covert payload channels.	header_field sequence_number 792
RFC 792 ICMP Message Header: What is the purpose of the <b>Gateway Address</b> field (32 bits)?	Redirect gateway; unexpected values can reveal route injection or man-in-the-middle attempts.	header_field gateway_address 792
RFC 792 ICMP Message Header: What is the purpose of the <b>Original IP Header</b> field (32 bits)?	Quoted packet in errors; MUST be inspected to find spoofed or reconnaissance-induced errors.	header_field original_ip_header 792
RFC 792 ICMP Message Header: What is the purpose of the <b>Original Data</b> field (32 bits)?	First 64 bits of original payload; for TCP/UDP, this includes ports - critical for correlating errors to flows.	header_field original_data 792
RFC 793 TCP Header: What is the purpose of the <b>Source Port</b> field (16 bits)?	Client or service port; suspicious reuse or odd pairings can reveal scans or spoofing.	header_field source_port 793
RFC 793 TCP Header: What is the purpose of the <b>Destination Port</b> field (16 bits)?	Target service; hunt for unauthorized services, fan-out scans, or policy bypass.	header_field destination_port 793
RFC 793 TCP Header: What is the purpose of the <b>Sequence Number</b> field (32 bits)?	Byte-stream position; repeated or out-of-window values may indicate injection or spoofing.	header_field sequence_number 793
RFC 793 TCP Header: What is the purpose of the <b>Acknowledgment Number</b> field (32 bits)?	Next expected byte; impossible ACKs reveal scans, desync, or spoofed packets.	header_field acknowledgment_number 793
RFC 793 TCP Header: What is the purpose of the <b>Data Offset</b> field (4 bits)?	Header length; large values mean options, while invalid small values are malformed.	header_field data_offset 793
RFC 793 TCP Header: What is the purpose of the <b>Reserved</b> field (6 bits)?	Should be zero; non-zero reserved bits often indicate crafted or evasive traffic.	header_field reserved 793
RFC 793 TCP Header: What is the purpose of the <b>TCP Flags</b> field (6 bits)?	SYN/ACK/RST/FIN combinations; watch for illegal flag combos, floods, and RST injection.	header_field tcp_flags 793
RFC 793 TCP Header: What is the purpose of the <b>Window</b> field (16 bits)?	Advertised receive window; zero-window abuse or odd scaling can stand out.	header_field window 793
RFC 793 TCP Header: What is the purpose of the <b>Checksum</b> field (16 bits)?	Integrity check; invalid values can be offload artifacts or crafted packet evidence.	header_field checksum 793
RFC 793 TCP Header: What is the purpose of the <b>Urgent Pointer</b> field (16 bits)?	Only meaningful with URG; unexpected use can indicate evasion or legacy attacks.	header_field urgent_pointer 793
RFC 793 TCP Header: What is the purpose of the <b>Options/Padding</b> field (32 bits)?	MSS, SACK, timestamps; odd combinations can fingerprint tools or evasions.	header_field options/padding 793
RFC 826 ARP over Ethernet Frame: What is the purpose of the <b>Hardware Type</b> field (16 bits)?	Ethernet should be 1; unexpected values are high-signal for crafted traffic.	header_field hardware_type 826
RFC 826 ARP over Ethernet Frame: What is the purpose of the <b>Protocol Type</b> field (16 bits)?	IPv4 should be 0x0800; unusual protocols may indicate legacy or suspicious use.	header_field protocol_type 826
RFC 826 ARP over Ethernet Frame: What is the purpose of the <b>HLEN</b> field (8 bits)?	Hardware address length; Ethernet should be 6 bytes.	header_field hlen 826
RFC 826 ARP over Ethernet Frame: What is the purpose of the <b>PLEN</b> field (8 bits)?	Protocol address length; IPv4 should be 4 bytes.	header_field plen 826
RFC 826 ARP over Ethernet Frame: What is the purpose of the <b>Operation</b> field (16 bits)?	Request=1, Reply=2; rare opcodes or byte-order mistakes are hunt-worthy.	header_field operation 826
RFC 826 ARP over Ethernet Frame: What is the purpose of the <b>Sender MAC</b> field (48 bits)?	Compare with L2 source to catch forged ARP payloads or bridge oddities.	header_field sender_mac 826
RFC 826 ARP over Ethernet Frame: What is the purpose of the <b>Sender IP</b> field (32 bits)?	Conflicts or protected gateway IPs mapped to new MACs are critical poisoning signals.	header_field sender_ip 826
RFC 826 ARP over Ethernet Frame: What is the purpose of the <b>Target MAC</b> field (48 bits)?	Blank/zero in requests is normal; odd target MACs reveal crafted or proxy behavior.	header_field target_mac 826
RFC 826 ARP over Ethernet Frame: What is the purpose of the <b>Target IP</b> field (32 bits)?	Repeated sweeps or gateway targeting can expose reconnaissance.	header_field target_ip 826
RFC 1035 DNS Message Header: What is the purpose of the <b>ID</b> field (16 bits)?	Transaction ID; repeated or predictable IDs can indicate spoofing or cache-poisoning.	header_field id 1035
RFC 1035 DNS Message Header: What is the purpose of the <b>QR</b> field (1 bits)?	Query/response bit; responses without queries are highly suspicious.	header_field qr 1035
RFC 1035 DNS Message Header: What is the purpose of the <b>Opcode</b> field (4 bits)?	Operation code; non-standard opcodes (non-zero) are rare and high-signal.	header_field opcode 1035
RFC 1035 DNS Message Header: What is the purpose of the <b>AA</b> field (1 bits)?	Authoritative answer; unexpected authority can indicate rogue infrastructure.	header_field aa 1035
RFC 1035 DNS Message Header: What is the purpose of the <b>TC</b> field (1 bits)?	Truncation flag; frequent truncation can force TCP fallback or indicate oversized abuse.	header_field tc 1035
RFC 1035 DNS Message Header: What is the purpose of the <b>RD</b> field (1 bits)?	Recursion desired; unexpected recursion from restricted networks can show resolver misuse.	header_field rd 1035
RFC 1035 DNS Message Header: What is the purpose of the <b>RA</b> field (1 bits)?	Recursion available; rogue or exposed recursive resolvers often reveal themselves here.	header_field ra 1035
RFC 1035 DNS Message Header: What is the purpose of the <b>Z</b> field (3 bits)?	Reserved bits; non-zero values are abnormal except negotiated extensions.	header_field z 1035
RFC 1035 DNS Message Header: What is the purpose of the <b>RCODE</b> field (4 bits)?	Response code; spikes in NXDOMAIN or SERVFAIL can reveal DGA or probing.	header_field rcode 1035
RFC 1035 DNS Message Header: What is the purpose of the <b>QDCOUNT</b> field (16 bits)?	Question count; values other than one are uncommon in standard queries.	header_field qdcount 1035
RFC 1035 DNS Message Header: What is the purpose of the <b>ANCOUNT</b> field (16 bits)?	Answer count; unusual cardinality can indicate amplification or fast-flux.	header_field ancount 1035
RFC 1035 DNS Message Header: What is the purpose of the <b>NSCOUNT</b> field (16 bits)?	Authority count; unexpected delegations can expose suspicious infrastructure.	header_field nscount 1035
RFC 1035 DNS Message Header: What is the purpose of the <b>ARCOUNT</b> field (16 bits)?	Additional count; EDNS and oversized additional data are useful abuse indicators.	header_field arcount 1035
RFC 2131 DHCP Message Header: What is the purpose of the <b>op</b> field (8 bits)?	Message op code; direction mismatches can reveal spoofing or relay issues.	header_field op 2131
RFC 2131 DHCP Message Header: What is the purpose of the <b>htype</b> field (8 bits)?	Hardware type; unexpected values on Ethernet can indicate crafted clients.	header_field htype 2131
RFC 2131 DHCP Message Header: What is the purpose of the <b>hlen</b> field (8 bits)?	Hardware address length; invalid lengths indicate malformed traffic.	header_field hlen 2131
RFC 2131 DHCP Message Header: What is the purpose of the <b>hops</b> field (8 bits)?	Relay hop count; high values suggest relay loops or unusual topology.	header_field hops 2131
RFC 2131 DHCP Message Header: What is the purpose of the <b>xid</b> field (32 bits)?	Transaction ID; collisions or mismatches help spot spoofed offers.	header_field xid 2131
RFC 2131 DHCP Message Header: What is the purpose of the <b>secs</b> field (16 bits)?	Elapsed seconds; high values can signal client distress.	header_field secs 2131
RFC 2131 DHCP Message Header: What is the purpose of the <b>flags</b> field (16 bits)?	Broadcast flag; abnormal reserved bit use may indicate crafted clients.	header_field flags 2131
RFC 2131 DHCP Message Header: What is the purpose of the <b>ciaddr</b> field (32 bits)?	Client IP; unexpected preconfigured values can reveal conflicts.	header_field ciaddr 2131
RFC 2131 DHCP Message Header: What is the purpose of the <b>yiaddr</b> field (32 bits)?	Your/client IP; watch unauthorized ranges or duplicate offers.	header_field yiaddr 2131
RFC 2131 DHCP Message Header: What is the purpose of the <b>siaddr</b> field (32 bits)?	Next server; unexpected boot servers can indicate rogue provisioning.	header_field siaddr 2131
RFC 2131 DHCP Message Header: What is the purpose of the <b>giaddr</b> field (32 bits)?	Relay agent; unexpected relays may show rogue infrastructure.	header_field giaddr 2131
RFC 2131 DHCP Message Header: What is the purpose of the <b>chaddr</b> field (128 bits)?	Client hardware address; mismatches with L2 source indicate spoofing.	header_field chaddr 2131
RFC 2328 OSPFv2 Packet Header: What is the purpose of the <b>Version</b> field (8 bits)?	Should be 2; mismatches indicate malformed or wrong-protocol traffic.	header_field version 2328
RFC 2328 OSPFv2 Packet Header: What is the purpose of the <b>Type</b> field (8 bits)?	Hello, DB Description, LS Request, LS Update, or LS Ack; unusual bursts can show adjacency attacks.	header_field type 2328
RFC 2328 OSPFv2 Packet Header: What is the purpose of the <b>Packet Length</b> field (16 bits)?	Full OSPF packet length; mismatches suggest malformed packets or capture corruption.	header_field packet_length 2328
RFC 2328 OSPFv2 Packet Header: What is the purpose of the <b>Router ID</b> field (32 bits)?	Originating router identity; duplicate IDs indicate spoofing.	header_field router_id 2328
RFC 2328 OSPFv2 Packet Header: What is the purpose of the <b>Area ID</b> field (32 bits)?	OSPF area; wrong-area packets are high-signal for rogue routers.	header_field area_id 2328
RFC 2328 OSPFv2 Packet Header: What is the purpose of the <b>Checksum</b> field (16 bits)?	OSPF packet integrity; invalid checksums indicate corruption or crafted traffic.	header_field checksum 2328
RFC 2328 OSPFv2 Packet Header: What is the purpose of the <b>AuType</b> field (16 bits)?	Authentication type; none or unexpected auth mode can expose insecure adjacencies.	header_field autype 2328
RFC 2328 OSPFv2 Packet Header: What is the purpose of the <b>Authentication</b> field (64 bits)?	Authentication data; failures can reveal adjacency hijack attempts.	header_field authentication 2328
RFC 2460 IPv6 Header & Extension Chain: What is the purpose of the <b>Version</b> field (4 bits)?	Should be 6; other values indicate malformed traffic or parser confusion.	header_field version 2460
RFC 2460 IPv6 Header & Extension Chain: What is the purpose of the <b>Traffic Class</b> field (8 bits)?	QoS markings; unusual values can indicate tunneling or covert marking.	header_field traffic_class 2460
RFC 2460 IPv6 Header & Extension Chain: What is the purpose of the <b>Flow Label</b> field (20 bits)?	Flow identifier; inconsistent labels can fingerprint hosts or tools.	header_field flow_label 2460
RFC 2460 IPv6 Header & Extension Chain: What is the purpose of the <b>Payload Length</b> field (16 bits)?	Length after fixed header; zero jumbo payloads deserve scrutiny.	header_field payload_length 2460
RFC 2460 IPv6 Header & Extension Chain: What is the purpose of the <b>Next Header</b> field (8 bits)?	Extension header pointer; long or unknown chains can bypass filters.	header_field next_header 2460
RFC 2460 IPv6 Header & Extension Chain: What is the purpose of the <b>Hop Limit</b> field (8 bits)?	IPv6 TTL; unusually low or inconsistent values suggest spoofing or probing.	header_field hop_limit 2460
RFC 2460 IPv6 Header & Extension Chain: What is the purpose of the <b>Source Address</b> field (128 bits)?	Origin IPv6; link-local or spoofed sources in wrong zones are suspicious.	header_field source_address 2460
RFC 2460 IPv6 Header & Extension Chain: What is the purpose of the <b>Destination Address</b> field (128 bits)?	Target IPv6; unexpected multicast or link-local destinations aid hunting.	header_field destination_address 2460
RFC 4271 BGP Update Attributes: What is the purpose of the <b>Attr Flags</b> field (8 bits)?	Optional/Transitive bits; illegal combinations can propagate bad state.	header_field attr_flags 4271
RFC 4271 BGP Update Attributes: What is the purpose of the <b>Attr Type</b> field (8 bits)?	ORIGIN, AS_PATH, NEXT_HOP, MED, LOCAL_PREF, COMMUNITY; core hunting pivots.	header_field attr_type 4271
RFC 4271 BGP Update Attributes: What is the purpose of the <b>ORIGIN</b> field (8 bits)?	IGP/EGP/INCOMPLETE; unexpected changes can signal leaks or hijacks.	header_field origin 4271
RFC 4271 BGP Update Attributes: What is the purpose of the <b>AS_PATH</b> field (32 bits)?	Primary vector for hijacking; watch impossible paths and prepending abuse.	header_field as_path 4271
RFC 4271 BGP Update Attributes: What is the purpose of the <b>NEXT_HOP</b> field (32 bits)?	Reachability; unexpected next-hops can reveal redirection or blackholes.	header_field next_hop 4271
RFC 4271 BGP Update Attributes: What is the purpose of the <b>COMMUNITY</b> field (32 bits)?	Policy tags; blackhole or provider-specific tags can alter propagation.	header_field community 4271
RFC 4303 ESP Header & Trailer: What is the purpose of the <b>SPI</b> field (32 bits)?	Security Parameters Index; unknown or reused SPIs can indicate rogue tunnels.	header_field spi 4303
RFC 4303 ESP Header & Trailer: What is the purpose of the <b>Sequence</b> field (32 bits)?	Anti-replay value; resets or gaps suggest replay attempts or failover confusion.	header_field sequence 4303
RFC 4303 ESP Header & Trailer: What is the purpose of the <b>Payload</b> field (32 bits)?	Encrypted data; size and timing are key signals when contents are opaque.	header_field payload 4303
RFC 4303 ESP Header & Trailer: What is the purpose of the <b>Padding</b> field (32 bits)?	Alignment bytes; unusual patterns can fingerprint implementations.	header_field padding 4303
RFC 4303 ESP Header & Trailer: What is the purpose of the <b>Pad Length</b> field (8 bits)?	Number of padding bytes; impossible values indicate malformed ESP.	header_field pad_length 4303
RFC 4303 ESP Header & Trailer: What is the purpose of the <b>Next Header</b> field (8 bits)?	Protected inner protocol; visible after decryption; useful for policy validation.	header_field next_header 4303
RFC 4303 ESP Header & Trailer: What is the purpose of the <b>ICV</b> field (32 bits)?	Integrity Check Value; failures indicate tampering or wrong keys.	header_field icv 4303
RFC 768 (User Datagram Protocol) - Threat Indicator: <b>Amplification Attacks</b><br><br>What is the <b>malicious indicator</b> compared to normal behavior?	<b>Normal:</b> Payload size roughly matches query size.<br><br><b>Malicious:</b> Small query triggers massive response (e.g. DNS/NTP reflection).<br><br><b>Severity:</b> HIGH	threat_indicator high 768
RFC 768 (User Datagram Protocol) - Threat Indicator: <b>Port 0 Usage</b><br><br>What is the <b>malicious indicator</b> compared to normal behavior?	<b>Normal:</b> Ports range from 1-65535.<br><br><b>Malicious:</b> Source or destination port is 0, often used in fingerprinting or bypass.<br><br><b>Severity:</b> MEDIUM	threat_indicator medium 768
RFC 768 (User Datagram Protocol) - Threat Indicator: <b>Unusual Length Values</b><br><br>What is the <b>malicious indicator</b> compared to normal behavior?	<b>Normal:</b> Length field matches actual payload size.<br><br><b>Malicious:</b> Length field is larger than packet or impossibly small.<br><br><b>Severity:</b> HIGH	threat_indicator high 768
RFC 791 (Internet Protocol) - Threat Indicator: <b>TTL Anomalies</b><br><br>What is the <b>malicious indicator</b> compared to normal behavior?	<b>Normal:</b> Consistent TTL values from a single host.<br><br><b>Malicious:</b> Abrupt TTL changes suggest spoofing or traceroute probing.<br><br><b>Severity:</b> MEDIUM	threat_indicator medium 791
RFC 791 (Internet Protocol) - Threat Indicator: <b>Fragmentation Abuse</b><br><br>What is the <b>malicious indicator</b> compared to normal behavior?	<b>Normal:</b> Standard fragmentation for large MTUs.<br><br><b>Malicious:</b> Overlapping or tiny fragments designed to bypass IDS/firewalls.<br><br><b>Severity:</b> HIGH	threat_indicator high 791
RFC 791 (Internet Protocol) - Threat Indicator: <b>Reserved Bit Set</b><br><br>What is the <b>malicious indicator</b> compared to normal behavior?	<b>Normal:</b> Reserved bit is always 0.<br><br><b>Malicious:</b> Evil bit (RFC 3514) or non-zero reserved bits in crafted traffic.<br><br><b>Severity:</b> LOW	threat_indicator low 791
RFC 791 (Internet Protocol) - Threat Indicator: <b>Source Routing Options</b><br><br>What is the <b>malicious indicator</b> compared to normal behavior?	<b>Normal:</b> IP options are rare; routing is hop-by-hop.<br><br><b>Malicious:</b> Strict or loose source routing to bypass topology constraints.<br><br><b>Severity:</b> HIGH	threat_indicator high 791
RFC 792 (Internet Control Message Protocol) - Threat Indicator: <b>ICMP Tunneling</b><br><br>What is the <b>malicious indicator</b> compared to normal behavior?	<b>Normal:</b> Echo payloads are short diagnostics with predictable size and content.<br><br><b>Malicious:</b> High-entropy or oversized echo payloads move command data or exfiltration through ICMP.<br><br><b>Severity:</b> HIGH	threat_indicator high 792
RFC 792 (Internet Control Message Protocol) - Threat Indicator: <b>Ping Floods</b><br><br>What is the <b>malicious indicator</b> compared to normal behavior?	<b>Normal:</b> Low-rate echo requests with matching replies for diagnostics.<br><br><b>Malicious:</b> Sustained high-volume echo requests, spoofed sources, or one-way floods cause denial of service.<br><br><b>Severity:</b> HIGH	threat_indicator high 792
RFC 792 (Internet Control Message Protocol) - Threat Indicator: <b>Redirect Abuse</b><br><br>What is the <b>malicious indicator</b> compared to normal behavior?	<b>Normal:</b> ICMP redirects are rare and generally constrained to local gateway correction.<br><br><b>Malicious:</b> Unexpected redirect messages point hosts at attacker-controlled gateways for traffic interception.<br><br><b>Severity:</b> HIGH	threat_indicator high 792
RFC 792 (Internet Control Message Protocol) - Threat Indicator: <b>Reconnaissance Error Bursts</b><br><br>What is the <b>malicious indicator</b> compared to normal behavior?	<b>Normal:</b> Occasional unreachable or time-exceeded messages during real failures.<br><br><b>Malicious:</b> Bursts of destination-unreachable or time-exceeded messages reveal sweeps, traceroute mapping, or spoofed probing.<br><br><b>Severity:</b> MEDIUM	threat_indicator medium 792
RFC 793 (Transmission Control Protocol) - Threat Indicator: <b>Illegal Flag Combinations</b><br><br>What is the <b>malicious indicator</b> compared to normal behavior?	<b>Normal:</b> Valid state transitions (SYN, SYN-ACK, etc).<br><br><b>Malicious:</b> NULL, Xmas, or SYN-FIN scans; flags that shouldn't exist together.<br><br><b>Severity:</b> HIGH	threat_indicator high 793
RFC 793 (Transmission Control Protocol) - Threat Indicator: <b>SYN Flood Patterns</b><br><br>What is the <b>malicious indicator</b> compared to normal behavior?	<b>Normal:</b> Balanced SYN and ACK packets.<br><br><b>Malicious:</b> Massive burst of SYNs without corresponding ACKs from many IPs.<br><br><b>Severity:</b> HIGH	threat_indicator high 793
RFC 793 (Transmission Control Protocol) - Threat Indicator: <b>RST Injection</b><br><br>What is the <b>malicious indicator</b> compared to normal behavior?	<b>Normal:</b> RST sent on connection close or error.<br><br><b>Malicious:</b> Unsolicited RSTs designed to kill active legitimate sessions.<br><br><b>Severity:</b> MEDIUM	threat_indicator medium 793
RFC 793 (Transmission Control Protocol) - Threat Indicator: <b>Window Size Anomalies</b><br><br>What is the <b>malicious indicator</b> compared to normal behavior?	<b>Normal:</b> Dynamic window scaling based on congestion.<br><br><b>Malicious:</b> Stuck at tiny values or zero-window probes to hang servers.<br><br><b>Severity:</b> MEDIUM	threat_indicator medium 793
RFC 793 (Transmission Control Protocol) - Threat Indicator: <b>Urgent Pointer Abuse</b><br><br>What is the <b>malicious indicator</b> compared to normal behavior?	<b>Normal:</b> Rarely used in modern protocols.<br><br><b>Malicious:</b> Non-zero urgent pointer in data-less packets to trigger parser bugs.<br><br><b>Severity:</b> LOW	threat_indicator low 793
RFC 826 (An Ethernet Address Resolution Protocol: Or Converting Network Protocol Addresses to 48.bit Ethernet Address for Transmission on Ethernet Hardware) - Threat Indicator: <b>ARP Poisoning</b><br><br>What is the <b>malicious indicator</b> compared to normal behavior?	<b>Normal:</b> Addresses are mapped to correct MACs and remain stable.<br><br><b>Malicious:</b> Gratuitous ARP or spoofed replies mapping gateway IPs to attacker MACs.<br><br><b>Severity:</b> HIGH	threat_indicator high 826
RFC 826 (An Ethernet Address Resolution Protocol: Or Converting Network Protocol Addresses to 48.bit Ethernet Address for Transmission on Ethernet Hardware) - Threat Indicator: <b>MAC Flooding</b><br><br>What is the <b>malicious indicator</b> compared to normal behavior?	<b>Normal:</b> CAM table contains legitimate local entries.<br><br><b>Malicious:</b> Thousands of fake MACs fill switches, forcing fail-open hub behavior.<br><br><b>Severity:</b> MEDIUM	threat_indicator medium 826
RFC 1035 (Domain names - implementation and specification) - Threat Indicator: <b>Long Subdomain Chains</b><br><br>What is the <b>malicious indicator</b> compared to normal behavior?	<b>Normal:</b> 2-3 levels of subdomains (e.g. mail.google.com).<br><br><b>Malicious:</b> Many layers of encoded data in subdomains (DNS tunneling).<br><br><b>Severity:</b> HIGH	threat_indicator high 1035
RFC 1035 (Domain names - implementation and specification) - Threat Indicator: <b>High Entropy Labels</b><br><br>What is the <b>malicious indicator</b> compared to normal behavior?	<b>Normal:</b> Human-readable or dictionary-based names.<br><br><b>Malicious:</b> Random-looking strings (DGA or encoded exfiltration).<br><br><b>Severity:</b> HIGH	threat_indicator high 1035
RFC 1035 (Domain names - implementation and specification) - Threat Indicator: <b>TXT Record Abuse</b><br><br>What is the <b>malicious indicator</b> compared to normal behavior?	<b>Normal:</b> Brief descriptive text or SPF records.<br><br><b>Malicious:</b> Large payloads or encoded scripts stored in TXT records.<br><br><b>Severity:</b> MEDIUM	threat_indicator medium 1035
RFC 1035 (Domain names - implementation and specification) - Threat Indicator: <b>Zone Transfer Attempts</b><br><br>What is the <b>malicious indicator</b> compared to normal behavior?	<b>Normal:</b> AXFR restricted to authorized secondaries.<br><br><b>Malicious:</b> Unsolicited AXFR requests to map internal network domains.<br><br><b>Severity:</b> MEDIUM	threat_indicator medium 1035
RFC 1035 (Domain names - implementation and specification) - Threat Indicator: <b>Fast Flux Patterns</b><br><br>What is the <b>malicious indicator</b> compared to normal behavior?	<b>Normal:</b> IPs change occasionally for load balancing.<br><br><b>Malicious:</b> IPs change every few seconds to hide malicious infrastructure.<br><br><b>Severity:</b> HIGH	threat_indicator high 1035
RFC 2131 (Dynamic Host Configuration Protocol) - Threat Indicator: <b>Rogue Server Indicators</b><br><br>What is the <b>malicious indicator</b> compared to normal behavior?	<b>Normal:</b> DHCP offers from known, authorized servers.<br><br><b>Malicious:</b> Offers from unknown IPs providing malicious DNS/Gateway.<br><br><b>Severity:</b> HIGH	threat_indicator high 2131
RFC 2131 (Dynamic Host Configuration Protocol) - Threat Indicator: <b>Starvation Attacks</b><br><br>What is the <b>malicious indicator</b> compared to normal behavior?	<b>Normal:</b> Normal pool depletion over time.<br><br><b>Malicious:</b> Rapid pool exhaustion using many spoofed MAC addresses.<br><br><b>Severity:</b> MEDIUM	threat_indicator medium 2131
RFC 2131 (Dynamic Host Configuration Protocol) - Threat Indicator: <b>Unusual Option Fields</b><br><br>What is the <b>malicious indicator</b> compared to normal behavior?	<b>Normal:</b> Standard options (1, 3, 6, 15, 51).<br><br><b>Malicious:</b> Excessive or malformed options used for fingerprinting/overflow.<br><br><b>Severity:</b> LOW	threat_indicator low 2131
RFC 2328 (OSPF Version 2) - Threat Indicator: <b>Unexpected LSA Flooding</b><br><br>What is the <b>malicious indicator</b> compared to normal behavior?	<b>Normal:</b> Periodic LSA updates on topology change.<br><br><b>Malicious:</b> Storm of LSAs designed to consume router CPU/memory.<br><br><b>Severity:</b> HIGH	threat_indicator high 2328
RFC 2328 (OSPF Version 2) - Threat Indicator: <b>Neighbor Spoofing</b><br><br>What is the <b>malicious indicator</b> compared to normal behavior?	<b>Normal:</b> Adjacencies with trusted local routers.<br><br><b>Malicious:</b> Spoofed HELLOs to trigger adjacency and route injection.<br><br><b>Severity:</b> HIGH	threat_indicator high 2328
RFC 2328 (OSPF Version 2) - Threat Indicator: <b>Max Age Poisoning</b><br><br>What is the <b>malicious indicator</b> compared to normal behavior?	<b>Normal:</b> LSAs age out normally after 3600s.<br><br><b>Malicious:</b> Prematurely aging legitimate routes to cause reachability loss.<br><br><b>Severity:</b> MEDIUM	threat_indicator medium 2328
RFC 2460 (Internet Protocol, Version 6 (IPv6) Specification) - Threat Indicator: <b>Extension Header Abuse</b><br><br>What is the <b>malicious indicator</b> compared to normal behavior?	<b>Normal:</b> 0-1 simple extension headers.<br><br><b>Malicious:</b> Long chains of headers to hide payload from shallow inspection.<br><br><b>Severity:</b> HIGH	threat_indicator high 2460
RFC 2460 (Internet Protocol, Version 6 (IPv6) Specification) - Threat Indicator: <b>Tunneled 6-in-4</b><br><br>What is the <b>malicious indicator</b> compared to normal behavior?	<b>Normal:</b> Native IPv6 paths and explicitly approved tunnels.<br><br><b>Malicious:</b> Protocol 41, 6to4, or Teredo traffic appears where IPv6 tunneling is not authorized.<br><br><b>Severity:</b> MEDIUM	threat_indicator medium 2460
RFC 2460 (Internet Protocol, Version 6 (IPv6) Specification) - Threat Indicator: <b>Fragment Header Evasion</b><br><br>What is the <b>malicious indicator</b> compared to normal behavior?	<b>Normal:</b> Fragmentation is uncommon on well-behaved IPv6 paths.<br><br><b>Malicious:</b> Atomic, tiny, excessive, or evasive fragments attempt to bypass ACLs and IDS reassembly.<br><br><b>Severity:</b> HIGH	threat_indicator high 2460
RFC 2460 (Internet Protocol, Version 6 (IPv6) Specification) - Threat Indicator: <b>Unexpected ICMPv6</b><br><br>What is the <b>malicious indicator</b> compared to normal behavior?	<b>Normal:</b> Essential ND and error messages.<br><br><b>Malicious:</b> Flood of Redirects or RA to perform MitM or DoS.<br><br><b>Severity:</b> HIGH	threat_indicator high 2460
RFC 4271 (A Border Gateway Protocol 4 (BGP-4)) - Threat Indicator: <b>AS_PATH Anomalies</b><br><br>What is the <b>malicious indicator</b> compared to normal behavior?	<b>Normal:</b> Paths consistent with historical peering.<br><br><b>Malicious:</b> Impossibly short or circular paths; unauthorized AS inclusion.<br><br><b>Severity:</b> HIGH	threat_indicator high 4271
RFC 4271 (A Border Gateway Protocol 4 (BGP-4)) - Threat Indicator: <b>Prefix Hijacking Patterns</b><br><br>What is the <b>malicious indicator</b> compared to normal behavior?	<b>Normal:</b> Origins match authorized IRR/RPKI records.<br><br><b>Malicious:</b> Unauthorized AS announcing a more-specific or new prefix.<br><br><b>Severity:</b> HIGH	threat_indicator high 4271
RFC 4271 (A Border Gateway Protocol 4 (BGP-4)) - Threat Indicator: <b>Unusual COMMUNITY Values</b><br><br>What is the <b>malicious indicator</b> compared to normal behavior?	<b>Normal:</b> Used for standard traffic engineering.<br><br><b>Malicious:</b> Proprietary or 'blackhole' communities used to redirect traffic.<br><br><b>Severity:</b> MEDIUM	threat_indicator medium 4271
RFC 4271 (A Border Gateway Protocol 4 (BGP-4)) - Threat Indicator: <b>Route Leaks</b><br><br>What is the <b>malicious indicator</b> compared to normal behavior?	<b>Normal:</b> Routes stay within intended peering boundaries.<br><br><b>Malicious:</b> Propagating private peering routes to the global internet.<br><br><b>Severity:</b> MEDIUM	threat_indicator medium 4271
RFC 4301 (Security Architecture for the Internet Protocol) - Threat Indicator: <b>Policy Bypass</b><br><br>What is the <b>malicious indicator</b> compared to normal behavior?	<b>Normal:</b> Traffic matching protected selectors is carried through expected IPsec policy.<br><br><b>Malicious:</b> Sensitive flows appear in cleartext or outside the expected tunnel policy.<br><br><b>Severity:</b> HIGH	threat_indicator high 4301
RFC 4301 (Security Architecture for the Internet Protocol) - Threat Indicator: <b>Unexpected Security Associations</b><br><br>What is the <b>malicious indicator</b> compared to normal behavior?	<b>Normal:</b> SAs are negotiated between approved peers and lifetimes.<br><br><b>Malicious:</b> New or stale SAs appear for unknown peers, wrong subnets, or suspicious lifetimes.<br><br><b>Severity:</b> HIGH	threat_indicator high 4301
RFC 4301 (Security Architecture for the Internet Protocol) - Threat Indicator: <b>Selector Drift</b><br><br>What is the <b>malicious indicator</b> compared to normal behavior?	<b>Normal:</b> Protected source, destination, and protocol selectors match documented policy.<br><br><b>Malicious:</b> Broad selectors or changed peer identities expose unintended traffic to tunnel or bypass paths.<br><br><b>Severity:</b> MEDIUM	threat_indicator medium 4301
RFC 4303 (IP Encapsulating Security Payload (ESP)) - Threat Indicator: <b>Unexpected ESP</b><br><br>What is the <b>malicious indicator</b> compared to normal behavior?	<b>Normal:</b> ESP appears only between approved VPN/IPsec peers.<br><br><b>Malicious:</b> ESP from unknown endpoints or unexpected networks can hide unauthorized tunnels.<br><br><b>Severity:</b> HIGH	threat_indicator high 4303
RFC 4303 (IP Encapsulating Security Payload (ESP)) - Threat Indicator: <b>Replay or Sequence Abuse</b><br><br>What is the <b>malicious indicator</b> compared to normal behavior?	<b>Normal:</b> Sequence numbers advance without repeats inside an SA.<br><br><b>Malicious:</b> Repeated or sharply regressing sequence numbers suggest replay, failover confusion, or crafted traffic.<br><br><b>Severity:</b> MEDIUM	threat_indicator medium 4303
RFC 4303 (IP Encapsulating Security Payload (ESP)) - Threat Indicator: <b>Integrity Failures</b><br><br>What is the <b>malicious indicator</b> compared to normal behavior?	<b>Normal:</b> ESP authentication checks pass for active SAs.<br><br><b>Malicious:</b> ICV failures indicate tampering, wrong keys, corruption, or probing of IPsec endpoints.<br><br><b>Severity:</b> HIGH	threat_indicator high 4303
RFC 4303 (IP Encapsulating Security Payload (ESP)) - Threat Indicator: <b>Policy Bypass</b><br><br>What is the <b>malicious indicator</b> compared to normal behavior?	<b>Normal:</b> Inner protected traffic matches IPsec policy after decryption.<br><br><b>Malicious:</b> Unexpected inner protocols or subnets reveal overly broad tunnel policy or abuse.<br><br><b>Severity:</b> HIGH	threat_indicator high 4303
RFC 5321 (Simple Mail Transfer Protocol) - Threat Indicator: <b>Open Relay Indicators</b><br><br>What is the <b>malicious indicator</b> compared to normal behavior?	<b>Normal:</b> Rejects mail for external domains.<br><br><b>Malicious:</b> Accepts mail from any source for any destination (spam).<br><br><b>Severity:</b> HIGH	threat_indicator high 5321
RFC 5321 (Simple Mail Transfer Protocol) - Threat Indicator: <b>Header Injection</b><br><br>What is the <b>malicious indicator</b> compared to normal behavior?	<b>Normal:</b> CRLF only used to terminate lines.<br><br><b>Malicious:</b> Encoded CRLF in fields to inject 'Bcc' or 'Subject' headers.<br><br><b>Severity:</b> HIGH	threat_indicator high 5321
RFC 5321 (Simple Mail Transfer Protocol) - Threat Indicator: <b>Unusual EHLO Values</b><br><br>What is the <b>malicious indicator</b> compared to normal behavior?	<b>Normal:</b> FQDN of the sending mail server.<br><br><b>Malicious:</b> Internal IPs, 'localhost', or random strings in EHLO.<br><br><b>Severity:</b> LOW	threat_indicator low 5321
RFC 5321 (Simple Mail Transfer Protocol) - Threat Indicator: <b>Bounce Flooding</b><br><br>What is the <b>malicious indicator</b> compared to normal behavior?	<b>Normal:</b> Occasional NDNs for valid delivery errors.<br><br><b>Malicious:</b> Massive volume of bounces to a spoofed 'From' address.<br><br><b>Severity:</b> MEDIUM	threat_indicator medium 5321
RFC 3954 (Cisco Systems NetFlow Services Export Version 9) - Threat Indicator: <b>Flow Record Anomalies</b><br><br>What is the <b>malicious indicator</b> compared to normal behavior?	<b>Normal:</b> Flows match expected service patterns.<br><br><b>Malicious:</b> Unidirectional flows, many tiny flows (scanning/DDoS).<br><br><b>Severity:</b> MEDIUM	threat_indicator medium 3954
RFC 3954 (Cisco Systems NetFlow Services Export Version 9) - Threat Indicator: <b>Exporter Spoofing</b><br><br>What is the <b>malicious indicator</b> compared to normal behavior?	<b>Normal:</b> NetFlow from known gateway/switch IPs.<br><br><b>Malicious:</b> Flow data from unauthorized IPs to poison telemetry.<br><br><b>Severity:</b> HIGH	threat_indicator high 3954
RFC 3954 (Cisco Systems NetFlow Services Export Version 9) - Threat Indicator: <b>Unusual Template IDs</b><br><br>What is the <b>malicious indicator</b> compared to normal behavior?	<b>Normal:</b> Static or slowly changing templates.<br><br><b>Malicious:</b> Rapid template rotation or template exhaustion attacks.<br><br><b>Severity:</b> LOW	threat_indicator low 3954
RFC 7011 (Specification of the IP Flow Information Export (IPFIX) Protocol for the Exchange of Flow Information) - Threat Indicator: <b>Flow Record Anomalies</b><br><br>What is the <b>malicious indicator</b> compared to normal behavior?	<b>Normal:</b> Flows match expected service patterns.<br><br><b>Malicious:</b> Unidirectional flows, many tiny flows (scanning/DDoS).<br><br><b>Severity:</b> MEDIUM	threat_indicator medium 7011
RFC 7011 (Specification of the IP Flow Information Export (IPFIX) Protocol for the Exchange of Flow Information) - Threat Indicator: <b>Exporter Spoofing</b><br><br>What is the <b>malicious indicator</b> compared to normal behavior?	<b>Normal:</b> IPFIX from known gateway/switch IPs.<br><br><b>Malicious:</b> Flow data from unauthorized IPs to poison telemetry.<br><br><b>Severity:</b> HIGH	threat_indicator high 7011
RFC 7011 (Specification of the IP Flow Information Export (IPFIX) Protocol for the Exchange of Flow Information) - Threat Indicator: <b>Unusual Template IDs</b><br><br>What is the <b>malicious indicator</b> compared to normal behavior?	<b>Normal:</b> Static or slowly changing templates.<br><br><b>Malicious:</b> Rapid template rotation or template exhaustion attacks.<br><br><b>Severity:</b> LOW	threat_indicator low 7011
